Loan ID,Customer ID,Principal Amount,Status,Outstanding Balance,Total Paid,Created At
1,1,672200.0,cleared,0.0,692366.0,2025-08-23 15:22:00
2,1,405900.0,active,378840.0,75768.0,2025-06-03 08:54:00
3,1,651200.0,disbursed,700040.0,0.0,2025-08-31 11:50:00
4,2,778400.0,active,282818.66,565637.34,2026-03-17 15:25:00
5,3,796300.0,cleared,0.0,991393.5,2025-12-31 16:10:00
6,4,780900.0,cleared,0.0,1015170.0,2025-05-09 12:11:00
7,4,619000.0,disbursed,727325.0,0.0,2025-07-12 15:38:00
8,5,1970200.0,defaulted,1162417.99,1162418.01,2025-09-14 12:02:00
9,6,1349900.0,disbursed,1451142.5,0.0,2025-12-28 10:25:00
10,7,1573500.0,active,689717.52,1379434.98,2025-06-17 08:25:00
11,8,1596400.0,disbursed,1692184.0,0.0,2026-04-06 08:16:00
12,8,1581800.0,cleared,0.0,2024704.0,2025-11-04 12:09:00
13,9,544800.0,reviewing,740928.0,0.0,2025-07-23 14:59:00
14,10,1419600.0,active,553644.0,1291836.0,2026-05-04 17:00:00
15,11,1776200.0,disbursed,1998225.0,0.0,2025-05-24 13:04:00
16,12,423200.0,approved,444360.0,0.0,2025-06-08 16:15:00
17,13,425600.0,active,391552.0,97888.0,2025-05-18 11:31:00
18,13,328800.0,disbursed,378120.0,0.0,2026-02-17 17:22:00
19,14,252200.0,active,26060.63,286667.37,2025-10-15 17:21:00
20,14,150000.0,active,107500.0,53750.0,2025-05-17 15:01:00
21,14,980100.0,active,220522.5,882090.0,2026-03-07 08:21:00
22,15,4300.0,screening,4515.0,0.0,2026-01-13 16:13:00
23,16,378400.0,active,285902.24,228721.76,2025-11-29 13:40:00
24,17,101600.0,cleared,0.0,113792.0,2025-06-22 12:44:00
25,17,189100.0,cleared,0.0,245830.0,2025-06-16 11:27:00
26,17,1590800.0,pending,1829420.0,0.0,2025-06-26 14:43:00
27,18,869400.0,disbursed,1104138.0,0.0,2025-05-17 16:48:00
28,19,7400.0,active,5673.33,2836.67,2026-01-10 15:08:00
29,20,54400.0,disbursed,62560.0,0.0,2025-09-15 11:56:00
30,20,277900.0,defaulted,243625.66,121812.84,2025-09-10 09:57:00
31,20,1999400.0,screening,2209337.0,0.0,2026-02-02 09:34:00
32,21,336000.0,written_off,381920.0,34720.0,2025-12-07 15:53:00
33,22,355200.0,written_off,186480.0,186480.0,2026-04-02 15:25:00
34,23,1536700.0,defaulted,845185.0,845185.0,2026-04-16 09:04:00
35,24,51500.0,active,28325.0,28325.0,2026-03-31 09:37:00
36,24,836500.0,disbursed,1087450.0,0.0,2025-07-29 12:40:00
37,24,689300.0,active,534207.5,320524.5,2025-06-17 14:03:00
38,25,1625700.0,disbursed,1885812.0,0.0,2025-07-26 17:41:00
39,26,305700.0,cleared,0.0,343912.5,2025-11-13 10:02:00
40,26,204600.0,pending,220968.0,0.0,2025-07-26 11:50:00
41,27,419700.0,cleared,0.0,430192.5,2025-10-31 16:04:00
42,28,1268100.0,active,1096000.72,438400.28,2025-07-14 13:38:00
43,29,1824300.0,defaulted,1942879.5,647626.5,2025-09-01 11:35:00
44,30,1555200.0,active,816480.0,816480.0,2025-11-02 10:18:00
45,31,1519800.0,active,1456475.0,291295.0,2026-02-13 17:14:00
46,32,1236000.0,cleared,0.0,1409040.0,2026-04-13 12:26:00
47,33,844300.0,disbursed,1097590.0,0.0,2025-11-24 11:57:00
48,34,423600.0,disbursed,440544.0,0.0,2026-03-16 15:43:00
49,35,702100.0,defaulted,473917.5,473917.5,2025-06-30 09:50:00
50,36,290400.0,active,362032.0,32912.0,2025-09-28 12:13:00
51,37,1802100.0,approved,2558982.0,0.0,2025-05-22 17:46:00
52,37,238700.0,defaulted,276892.0,0.0,2025-10-14 08:59:00
53,38,822000.0,defaulted,1117920.0,0.0,2025-10-30 16:36:00
54,39,603800.0,screening,766826.0,0.0,2025-11-03 16:00:00
55,39,379300.0,cleared,0.0,470332.0,2025-07-26 08:57:00
56,40,38700.0,rejected,44505.0,0.0,2026-01-02 14:03:00
57,40,417500.0,screening,442550.0,0.0,2025-09-15 12:25:00
58,41,1721000.0,active,1548900.0,387225.0,2025-05-07 15:45:00
59,42,1287800.0,disbursed,1558238.0,0.0,2025-12-31 11:06:00
60,42,34300.0,screening,36015.0,0.0,2026-04-12 09:57:00
61,43,79000.0,pending,82950.0,0.0,2026-03-29 10:37:00
62,44,333700.0,defaulted,264735.35,189096.65,2025-09-10 17:12:00
63,45,969200.0,cleared,0.0,1090350.0,2025-11-04 10:40:00
64,45,797100.0,active,681520.5,227173.5,2026-04-25 16:17:00
65,46,369700.0,active,260843.88,208675.12,2025-11-30 15:14:00
66,46,126600.0,cleared,0.0,145590.0,2025-05-12 16:29:00
67,47,89000.0,screening,97900.0,0.0,2025-05-22 13:21:00
68,48,1367300.0,pending,1750144.0,0.0,2025-07-06 10:27:00
69,48,5100.0,disbursed,6783.0,0.0,2025-07-09 14:08:00
70,49,781600.0,written_off,949644.0,105516.0,2025-12-01 11:50:00
71,50,694000.0,pending,742580.0,0.0,2025-06-01 10:14:00
72,50,1302600.0,reviewing,1484964.0,0.0,2026-03-09 14:54:00
73,51,1068500.0,active,630415.01,630414.99,2025-05-02 13:35:00
74,52,381200.0,approved,404072.0,0.0,2025-09-28 08:49:00
75,53,913000.0,approved,1104730.0,0.0,2025-08-10 11:30:00
76,54,382300.0,disbursed,428176.0,0.0,2026-02-14 10:17:00
77,54,1906600.0,cleared,0.0,2478580.0,2026-04-16 09:54:00
78,54,526900.0,pending,566417.5,0.0,2025-12-08 14:24:00
79,55,1265000.0,screening,1619200.0,0.0,2025-07-12 11:37:00
80,55,600300.0,cleared,0.0,816408.0,2025-08-07 09:04:00
81,56,1032200.0,pending,1161225.0,0.0,2025-11-22 09:33:00
82,57,1124000.0,disbursed,1213920.0,0.0,2025-08-17 16:05:00
83,58,527700.0,screening,564639.0,0.0,2025-08-13 11:03:00
84,58,20400.0,active,0.0,21420.0,2025-09-27 15:23:00
85,59,1236300.0,pending,1625734.5,0.0,2025-09-29 16:44:00
86,59,311400.0,active,244968.0,122484.0,2026-02-24 16:18:00
87,60,16200.0,active,8910.0,8910.0,2026-04-05 13:02:00
88,61,494000.0,disbursed,543400.0,0.0,2025-10-04 11:05:00
89,62,83000.0,screening,95450.0,0.0,2026-04-09 16:37:00
90,63,67800.0,active,51980.0,25990.0,2026-01-30 10:55:00
91,63,1000900.0,disbursed,1040936.0,0.0,2025-05-20 15:31:00
92,64,571000.0,active,621351.82,138078.18,2025-05-17 11:00:00
93,64,1263800.0,disbursed,1352266.0,0.0,2025-08-20 17:40:00
94,65,82800.0,disbursed,95220.0,0.0,2026-05-04 10:35:00
95,65,56500.0,active,21658.34,43316.66,2025-06-01 13:17:00
96,66,1746500.0,active,1509475.0,603790.0,2025-09-17 15:13:00
97,66,1036300.0,rejected,1347190.0,0.0,2025-09-07 16:01:00
98,67,1865700.0,defaulted,1007478.0,1007478.0,2025-10-01 09:24:00
99,67,1388100.0,disbursed,1499148.0,0.0,2026-02-22 17:59:00
100,67,19300.0,cleared,0.0,20072.0,2025-10-01 13:54:00
101,68,572900.0,cleared,0.0,641648.0,2025-11-01 09:59:00
102,68,666700.0,active,723369.5,103338.5,2026-02-24 17:59:00
103,68,1283800.0,screening,1778063.0,0.0,2026-02-06 15:19:00
104,69,1833400.0,reviewing,2282583.0,0.0,2026-02-28 13:59:00
105,70,17800.0,disbursed,20470.0,0.0,2026-03-05 13:04:00
106,71,56200.0,pending,66316.0,0.0,2025-05-02 09:33:00
107,72,1864200.0,cleared,0.0,2097225.0,2026-01-26 10:13:00
108,73,677400.0,disbursed,745140.0,0.0,2025-10-02 10:45:00
109,74,48600.0,defaulted,55890.0,0.0,2026-01-27 11:47:00
110,74,1117100.0,cleared,0.0,1418717.0,2026-01-24 17:08:00
111,74,858800.0,rejected,1271024.0,0.0,2025-05-28 16:50:00
112,75,261900.0,cleared,0.0,294637.5,2026-04-11 14:20:00
113,76,330800.0,approved,423424.0,0.0,2026-01-04 14:33:00
114,77,183700.0,active,49599.0,148797.0,2026-01-10 17:41:00
115,78,2000.0,disbursed,2300.0,0.0,2025-07-26 12:09:00
116,79,78500.0,active,43175.0,43175.0,2025-09-21 09:24:00
117,80,318900.0,active,344412.0,38268.0,2025-06-08 15:15:00
118,80,221600.0,cleared,0.0,232680.0,2026-03-02 14:12:00
119,80,9500.0,pending,10925.0,0.0,2025-11-25 12:33:00
120,81,141500.0,active,139770.56,39934.44,2025-10-06 17:08:00
121,82,145800.0,active,150660.0,30132.0,2026-02-11 12:06:00
122,83,654700.0,disbursed,700529.0,0.0,2025-12-26 14:10:00
123,83,1413300.0,active,452256.0,1356768.0,2025-09-29 09:29:00
124,84,1697400.0,defaulted,1795472.0,512992.0,2026-02-25 17:54:00
125,84,447900.0,active,406095.99,203048.01,2025-07-15 14:27:00
126,84,159500.0,disbursed,165880.0,0.0,2025-08-17 09:13:00
127,85,79700.0,pending,92452.0,0.0,2025-06-11 10:46:00
128,85,613100.0,active,277938.64,555877.36,2025-07-05 12:01:00
129,85,925900.0,disbursed,1314778.0,0.0,2025-12-21 14:17:00
130,86,465400.0,pending,591058.0,0.0,2026-04-30 13:59:00
131,86,729600.0,rejected,970368.0,0.0,2025-09-08 15:52:00
132,86,34800.0,active,19140.0,19140.0,2026-03-08 17:38:00
133,87,494700.0,defaulted,536749.5,76678.5,2025-12-31 10:16:00
134,88,1728700.0,active,1019932.99,1019933.01,2025-11-28 11:19:00
135,89,757300.0,reviewing,1120804.0,0.0,2025-06-21 15:34:00
136,90,1847100.0,defaulted,2505899.0,227809.0,2025-10-17 10:48:00
137,91,946800.0,active,362940.0,725880.0,2026-03-13 13:04:00
138,91,859700.0,cleared,0.0,1169192.0,2026-03-04 13:38:00
139,92,750300.0,disbursed,997899.0,0.0,2026-05-06 14:36:00
140,92,317700.0,approved,362178.0,0.0,2025-09-21 12:24:00
141,93,1803200.0,approved,2308096.0,0.0,2025-05-05 10:32:00
142,94,443700.0,written_off,390456.0,97614.0,2025-11-26 13:28:00
143,94,1467200.0,screening,1511216.0,0.0,2025-12-23 12:03:00
144,95,1076500.0,screening,1420980.0,0.0,2025-09-18 11:31:00
145,96,509200.0,screening,631408.0,0.0,2026-03-23 16:37:00
146,97,140200.0,screening,164735.0,0.0,2025-12-11 12:30:00
147,98,1255400.0,approved,1380940.0,0.0,2025-11-04 12:19:00
148,98,1609400.0,pending,2124408.0,0.0,2025-06-02 12:07:00
149,99,175100.0,active,129573.98,129574.02,2026-03-25 17:37:00
150,100,85900.0,cleared,0.0,114247.0,2025-12-23 15:55:00
151,101,15800.0,pending,16590.0,0.0,2025-05-30 10:35:00
152,101,405200.0,active,194496.0,324160.0,2026-01-23 17:50:00
153,102,1210400.0,active,1317135.28,292696.72,2026-03-06 09:09:00
154,102,1782700.0,disbursed,2406645.0,0.0,2026-01-01 17:45:00
155,102,703800.0,disbursed,767142.0,0.0,2025-05-12 11:10:00
156,103,1974100.0,cleared,0.0,2220862.5,2025-09-27 14:19:00
157,103,1590700.0,active,0.0,1630467.5,2025-08-02 17:22:00
158,103,356800.0,defaulted,185536.0,185536.0,2026-02-13 11:03:00
159,104,154400.0,disbursed,188368.0,0.0,2025-07-28 17:34:00
160,104,174200.0,approved,182910.0,0.0,2025-10-15 08:25:00
161,105,265900.0,reviewing,281854.0,0.0,2026-05-06 15:34:00
162,105,396400.0,active,335618.68,167809.32,2025-06-16 11:41:00
163,106,330000.0,disbursed,349800.0,0.0,2026-05-07 08:32:00
164,106,1376000.0,approved,2036480.0,0.0,2025-12-22 14:43:00
165,106,897800.0,disbursed,1167140.0,0.0,2025-06-18 12:00:00
166,107,1320600.0,disbursed,1637544.0,0.0,2025-07-08 09:08:00
167,107,961200.0,pending,1114992.0,0.0,2025-11-25 09:05:00
168,108,603500.0,defaulted,730235.0,0.0,2026-02-05 14:14:00
169,109,299300.0,active,185566.0,185566.0,2025-05-21 15:04:00
170,109,734200.0,disbursed,800278.0,0.0,2025-11-22 10:48:00
171,110,702600.0,active,485797.71,364348.29,2025-08-18 10:05:00
172,111,1956600.0,pending,2367486.0,0.0,2026-03-02 16:50:00
173,112,604600.0,defaulted,521971.35,372836.65,2025-07-02 17:22:00
174,112,715400.0,approved,951482.0,0.0,2025-08-11 15:25:00
175,113,1549000.0,screening,1595470.0,0.0,2025-05-07 09:59:00
176,114,33600.0,disbursed,35280.0,0.0,2026-01-28 09:42:00
177,115,230700.0,pending,292989.0,0.0,2025-09-25 12:06:00
178,116,365500.0,cleared,0.0,453220.0,2025-12-31 08:15:00
179,117,1152200.0,active,975180.2,557245.8,2026-04-01 09:39:00
180,118,972700.0,screening,1176967.0,0.0,2026-04-21 15:42:00
181,119,1590500.0,active,1383735.0,461245.0,2025-08-09 10:36:00
182,120,57200.0,cleared,0.0,72644.0,2025-06-06 08:47:00
183,121,100600.0,disbursed,106636.0,0.0,2025-10-23 11:06:00
184,122,1252100.0,active,388151.0,1164453.0,2026-01-22 13:06:00
185,122,1637700.0,active,239286.14,1914289.36,2025-11-05 11:59:00
186,123,364000.0,cleared,0.0,414960.0,2026-05-03 13:27:00
187,124,836800.0,defaulted,585760.0,585760.0,2026-03-22 13:48:00
188,125,843600.0,active,329004.0,767676.0,2025-12-16 13:35:00
189,125,410900.0,written_off,445826.5,63689.5,2025-05-08 12:42:00
190,126,283200.0,pending,290280.0,0.0,2025-10-17 08:43:00
191,126,707700.0,active,542570.0,271285.0,2025-10-07 10:10:00
192,127,255800.0,rejected,287775.0,0.0,2025-12-16 14:05:00
193,127,1035000.0,pending,1071225.0,0.0,2025-06-24 15:17:00
194,128,1591000.0,cleared,0.0,2116030.0,2026-01-29 11:01:00
195,129,1394600.0,active,383515.0,1150545.0,2026-04-16 12:02:00
196,129,861000.0,disbursed,891135.0,0.0,2025-12-05 08:58:00
197,130,1365300.0,screening,1529136.0,0.0,2025-06-02 15:59:00
198,131,1336400.0,active,721656.0,1082484.0,2025-07-09 13:28:00
199,132,56800.0,rejected,65320.0,0.0,2026-01-20 09:46:00
200,133,606900.0,disbursed,825384.0,0.0,2026-03-04 17:46:00
201,134,53600.0,active,0.0,56280.0,2025-08-14 12:54:00
202,135,874000.0,pending,1109980.0,0.0,2025-07-18 14:17:00
203,136,385900.0,pending,416772.0,0.0,2026-02-26 09:54:00
204,136,209100.0,rejected,234192.0,0.0,2026-03-04 09:07:00
205,137,623400.0,cleared,0.0,685740.0,2025-12-26 13:58:00
206,137,50300.0,disbursed,57845.0,0.0,2025-08-28 11:09:00
207,137,702800.0,active,435736.0,435736.0,2026-03-11 11:30:00
208,138,360400.0,rejected,446896.0,0.0,2026-03-12 08:32:00
209,138,100300.0,cleared,0.0,118354.0,2026-04-27 10:27:00
210,139,286400.0,disbursed,337952.0,0.0,2025-06-27 14:05:00
211,139,97100.0,reviewing,111665.0,0.0,2025-10-19 17:32:00
212,140,495900.0,disbursed,659547.0,0.0,2025-07-17 17:47:00
213,141,1107300.0,active,376482.0,1129446.0,2025-06-22 09:17:00
214,142,545800.0,active,471727.14,188690.86,2025-10-02 14:21:00
215,143,948200.0,cleared,0.0,1080948.0,2025-11-25 16:41:00
216,143,1322500.0,disbursed,1798600.0,0.0,2025-12-01 12:36:00
217,143,56100.0,active,50864.0,25432.0,2025-11-23 17:44:00
218,144,1402500.0,cleared,0.0,1683000.0,2025-08-14 17:26:00
219,145,1238800.0,pending,1362680.0,0.0,2025-06-03 11:18:00
220,145,557300.0,defaulted,615816.5,0.0,2025-07-25 12:56:00
221,146,367700.0,defaulted,297837.0,99279.0,2025-07-16 10:11:00
222,146,87800.0,pending,96580.0,0.0,2025-11-01 12:31:00
223,146,231300.0,disbursed,265995.0,0.0,2026-01-22 10:08:00
224,147,66100.0,approved,71388.0,0.0,2025-07-12 14:44:00
225,148,98600.0,disbursed,116348.0,0.0,2025-09-26 12:13:00
226,149,283700.0,disbursed,368810.0,0.0,2025-12-21 15:14:00
227,150,499800.0,rejected,569772.0,0.0,2026-03-09 13:55:00
228,151,1504400.0,cleared,0.0,2000852.0,2026-03-19 14:24:00
229,151,548700.0,defaulted,510291.0,170097.0,2025-10-06 14:41:00
230,151,654300.0,approved,785160.0,0.0,2025-12-13 09:39:00
231,152,611800.0,cleared,0.0,813694.0,2026-02-05 09:00:00
232,152,1571500.0,active,0.0,1618645.0,2025-07-15 15:18:00
233,153,339700.0,pending,431419.0,0.0,2026-02-06 09:21:00
234,153,203500.0,reviewing,221815.0,0.0,2025-10-18 08:26:00
235,153,14500.0,active,7975.0,7975.0,2025-12-30 11:46:00
236,154,84900.0,disbursed,89145.0,0.0,2025-12-08 14:12:00
237,155,879500.0,defaulted,958655.0,0.0,2025-09-27 11:55:00
238,156,1059700.0,approved,1170968.5,0.0,2025-10-23 11:37:00
239,157,183500.0,rejected,222035.0,0.0,2025-11-27 16:07:00
240,157,1698500.0,pending,1766440.0,0.0,2026-04-16 17:24:00
241,157,946600.0,pending,1202182.0,0.0,2025-05-23 13:18:00
242,158,207700.0,reviewing,245086.0,0.0,2025-07-08 14:12:00
243,159,90200.0,defaulted,97416.0,24354.0,2026-01-13 09:54:00
244,159,345300.0,active,344672.18,76593.82,2025-09-30 11:19:00
245,160,858600.0,disbursed,1116180.0,0.0,2025-12-08 12:07:00
246,161,127900.0,rejected,154759.0,0.0,2025-12-12 17:22:00
247,161,22000.0,disbursed,24640.0,0.0,2025-05-08 17:48:00
248,162,718600.0,reviewing,826390.0,0.0,2025-05-28 14:40:00
249,162,1144100.0,approved,1504491.5,0.0,2026-02-21 08:37:00
250,163,1556500.0,active,807156.44,1076208.56,2025-12-02 11:46:00
251,164,401800.0,cleared,0.0,431935.0,2025-10-20 12:02:00
252,165,370400.0,pending,377808.0,0.0,2026-02-20 11:35:00
253,166,1631100.0,disbursed,1794210.0,0.0,2025-06-01 08:02:00
254,167,630600.0,active,218007.45,545018.55,2025-11-04 17:52:00
255,168,469500.0,screening,544620.0,0.0,2025-12-22 11:05:00
256,169,445600.0,disbursed,539176.0,0.0,2025-11-20 17:39:00
257,170,864800.0,active,663013.34,331506.66,2026-04-06 10:06:00
258,171,906000.0,cleared,0.0,996600.0,2025-05-11 08:35:00
259,172,81800.0,reviewing,85890.0,0.0,2026-04-04 11:59:00
260,173,1719400.0,cleared,0.0,2286802.0,2025-05-27 12:55:00
261,174,84800.0,active,65013.33,32506.67,2025-07-31 12:34:00
262,174,1933300.0,pending,2281294.0,0.0,2025-09-18 13:54:00
263,174,368300.0,active,198882.0,198882.0,2025-05-10 16:04:00
264,175,1467600.0,active,792504.0,792504.0,2025-09-24 15:21:00
265,176,1492200.0,rejected,1678725.0,0.0,2025-11-10 13:26:00
266,177,286100.0,approved,337598.0,0.0,2025-08-06 14:01:00
267,177,37500.0,cleared,0.0,41250.0,2025-07-29 12:35:00
268,178,73300.0,rejected,84295.0,0.0,2026-02-08 12:59:00
269,179,1189900.0,active,464061.0,1082809.0,2025-07-22 13:04:00
270,180,365700.0,approved,438840.0,0.0,2025-10-02 11:14:00
271,180,825500.0,pending,1114425.0,0.0,2026-02-11 12:08:00
272,181,869100.0,rejected,1008156.0,0.0,2025-08-29 13:13:00
273,182,270400.0,active,196490.67,98245.33,2025-09-12 10:26:00
274,182,67400.0,disbursed,77510.0,0.0,2025-09-17 14:06:00
275,183,90400.0,pending,103960.0,0.0,2025-10-31 13:42:00
276,184,1102000.0,disbursed,1239750.0,0.0,2026-04-25 09:19:00
277,185,1381100.0,disbursed,1671131.0,0.0,2025-10-02 10:27:00
278,186,500.0,disbursed,525.0,0.0,2026-04-19 11:11:00
279,186,686600.0,active,714064.0,178516.0,2025-12-29 12:06:00
280,187,1814100.0,disbursed,2176920.0,0.0,2025-12-05 13:24:00
281,188,518800.0,cleared,0.0,601808.0,2025-12-13 08:42:00
282,188,589300.0,disbursed,777876.0,0.0,2025-07-13 16:29:00
283,189,498800.0,pending,718272.0,0.0,2026-03-02 14:21:00
284,189,1859000.0,disbursed,1951950.0,0.0,2025-06-11 13:39:00
285,190,83900.0,active,46145.0,46145.0,2025-07-13 15:41:00
286,191,505300.0,defaulted,267809.0,267809.0,2025-12-23 09:56:00
287,192,1717300.0,disbursed,2077933.0,0.0,2026-03-02 13:22:00
288,192,411600.0,active,406569.34,116162.66,2025-10-29 17:12:00
289,192,1931400.0,approved,2510820.0,0.0,2026-04-04 12:56:00
290,193,976800.0,active,1015872.0,253968.0,2025-06-29 14:37:00
291,194,63800.0,approved,66990.0,0.0,2026-02-15 14:37:00
292,195,99700.0,approved,135592.0,0.0,2025-08-13 08:36:00
293,195,1109500.0,pending,1442350.0,0.0,2025-05-28 12:24:00
294,196,768700.0,disbursed,864787.5,0.0,2025-07-26 11:00:00
295,197,324700.0,active,175338.0,175338.0,2025-09-11 17:57:00
296,198,603500.0,disbursed,820760.0,0.0,2026-04-27 11:49:00
297,199,1760900.0,active,2218734.0,246526.0,2025-06-03 17:11:00
298,200,871900.0,written_off,819586.0,204896.5,2026-03-14 08:58:00
299,200,10700.0,disbursed,11770.0,0.0,2025-06-04 15:44:00
300,201,27000.0,active,20700.0,10350.0,2026-01-15 15:51:00
301,202,1057000.0,approved,1405810.0,0.0,2025-07-12 14:59:00
302,203,678200.0,active,379792.0,379792.0,2025-05-22 12:10:00
303,203,271500.0,approved,298650.0,0.0,2025-07-08 11:09:00
304,204,199900.0,approved,255872.0,0.0,2025-12-26 10:55:00
305,205,1006100.0,approved,1207320.0,0.0,2025-08-19 14:57:00
306,205,291200.0,written_off,372736.0,0.0,2025-07-28 16:43:00
307,205,659500.0,pending,738640.0,0.0,2025-06-07 17:11:00
308,206,1987000.0,active,705385.03,2116154.97,2025-09-03 12:41:00
309,206,547100.0,pending,700288.0,0.0,2025-09-08 08:05:00
310,207,565600.0,approved,803152.0,0.0,2026-02-08 14:14:00
311,208,628700.0,cleared,0.0,836171.0,2026-01-16 16:27:00
312,209,478500.0,disbursed,622050.0,0.0,2025-06-09 09:48:00
313,210,1482300.0,disbursed,1838052.0,0.0,2025-12-14 09:41:00
314,211,1941100.0,defaulted,1504352.5,902611.5,2026-04-14 17:53:00
315,211,212600.0,reviewing,238112.0,0.0,2026-04-23 13:29:00
316,212,64500.0,disbursed,74175.0,0.0,2025-09-28 08:48:00
317,213,446700.0,written_off,504274.67,63034.33,2025-08-07 14:28:00
318,214,990600.0,written_off,359918.0,719836.0,2026-03-17 15:24:00
319,214,208100.0,cleared,0.0,228910.0,2025-09-01 16:23:00
320,214,90500.0,disbursed,104075.0,0.0,2025-06-26 13:44:00
321,215,1292600.0,defaulted,1428323.0,0.0,2026-01-26 15:37:00
322,216,490900.0,disbursed,652897.0,0.0,2025-11-25 17:12:00
323,217,63500.0,cleared,0.0,66675.0,2025-08-08 13:21:00
324,217,1488200.0,defaulted,1873779.09,187377.91,2025-05-10 14:08:00
325,218,55900.0,cleared,0.0,63726.0,2026-02-01 15:09:00
326,218,667900.0,disbursed,684597.5,0.0,2025-05-08 08:04:00
327,219,1803300.0,active,1318985.13,989238.87,2025-10-29 16:05:00
328,220,1483300.0,disbursed,1661296.0,0.0,2025-12-16 09:01:00
329,221,42900.0,rejected,45045.0,0.0,2025-07-08 12:21:00
330,222,28300.0,disbursed,32545.0,0.0,2025-09-08 13:16:00
331,223,1346300.0,cleared,0.0,1629023.0,2025-06-19 12:22:00
332,224,1327000.0,pending,1592400.0,0.0,2025-07-07 10:28:00
333,225,85300.0,pending,89565.0,0.0,2025-10-17 10:06:00
334,226,469600.0,active,53221.37,585434.63,2026-03-24 16:21:00
335,227,677000.0,disbursed,839480.0,0.0,2025-05-31 16:25:00
336,228,945500.0,disbursed,1177147.5,0.0,2025-12-08 16:26:00
337,229,459900.0,active,404712.0,101178.0,2025-10-17 08:48:00
338,229,916700.0,screening,944201.0,0.0,2025-08-19 15:00:00
339,230,8900.0,active,3411.66,6823.34,2025-11-08 10:35:00
340,231,94600.0,disbursed,108790.0,0.0,2026-05-05 14:51:00
341,232,642300.0,disbursed,658357.5,0.0,2025-10-02 13:56:00
342,232,1625900.0,disbursed,1666547.5,0.0,2026-01-28 17:20:00
343,233,951200.0,approved,974980.0,0.0,2026-02-22 15:39:00
344,234,979000.0,defaulted,665720.02,665719.98,2025-09-15 14:42:00
345,234,1531000.0,active,694053.34,1388106.66,2025-07-03 10:11:00
346,235,52500.0,cleared,0.0,60375.0,2026-03-31 09:28:00
347,235,153800.0,disbursed,215320.0,0.0,2025-09-01 14:48:00
348,235,2800.0,cleared,0.0,3080.0,2025-06-21 12:15:00
349,236,905500.0,cleared,0.0,1018687.5,2025-07-28 15:26:00
350,236,185000.0,cleared,0.0,234950.0,2026-04-12 09:42:00
351,237,81800.0,active,0.0,85890.0,2025-07-06 13:13:00
352,238,490100.0,disbursed,534209.0,0.0,2025-07-17 16:12:00
353,238,445100.0,disbursed,471806.0,0.0,2026-04-01 16:33:00
354,238,1010000.0,defaulted,1085750.0,0.0,2025-12-21 11:52:00
355,239,28500.0,screening,31350.0,0.0,2025-07-26 16:54:00
356,240,179600.0,cleared,0.0,197560.0,2025-06-04 12:41:00
357,241,484900.0,reviewing,644917.0,0.0,2025-06-22 11:42:00
358,241,505300.0,defaulted,469929.0,156643.0,2026-01-22 16:54:00
359,242,449400.0,cleared,0.0,543774.0,2025-07-06 16:02:00
360,243,608800.0,reviewing,681856.0,0.0,2025-06-10 15:52:00
361,244,65700.0,reviewing,72270.0,0.0,2025-05-07 16:43:00
362,245,324300.0,active,89182.5,267547.5,2025-06-29 17:07:00
363,246,21700.0,disbursed,23436.0,0.0,2026-02-11 13:39:00
364,247,314400.0,cleared,0.0,408720.0,2026-01-08 12:38:00
365,248,1052400.0,active,147336.0,1326024.0,2025-09-06 12:04:00
366,248,1745900.0,disbursed,2479178.0,0.0,2025-12-16 08:25:00
367,249,93500.0,pending,107525.0,0.0,2025-05-29 10:33:00
368,250,269000.0,defaulted,185994.29,139495.71,2025-05-20 17:44:00
369,250,365900.0,cleared,0.0,376877.0,2025-11-30 13:50:00
370,251,651800.0,disbursed,749570.0,0.0,2026-02-15 17:43:00
371,252,375700.0,active,136504.34,273008.66,2025-07-30 09:47:00
372,253,1963200.0,disbursed,2787744.0,0.0,2025-12-12 14:19:00
373,254,1348600.0,written_off,1681254.67,152841.33,2025-08-18 17:35:00
374,255,696300.0,pending,1002672.0,0.0,2025-11-29 15:12:00
375,256,261800.0,disbursed,348194.0,0.0,2025-12-20 09:19:00
376,257,150900.0,screening,205224.0,0.0,2025-07-11 16:37:00
377,258,481200.0,pending,577440.0,0.0,2025-09-18 14:35:00
378,258,11200.0,reviewing,11760.0,0.0,2025-05-03 08:40:00
379,258,1491900.0,disbursed,1909632.0,0.0,2025-06-02 14:37:00
380,259,45300.0,rejected,49830.0,0.0,2025-10-18 12:05:00
381,260,1976000.0,disbursed,2766400.0,0.0,2026-05-07 17:17:00
382,260,911500.0,rejected,1239640.0,0.0,2025-07-16 17:45:00
383,261,1047400.0,active,274228.38,1234027.62,2026-03-25 09:34:00
384,262,342700.0,cleared,0.0,411240.0,2026-02-28 15:35:00
385,262,1177000.0,pending,1353550.0,0.0,2025-08-31 10:31:00
386,262,926400.0,active,486360.0,486360.0,2025-09-04 11:30:00
387,263,1880100.0,pending,2331324.0,0.0,2025-05-22 09:08:00
388,264,1735500.0,disbursed,1865662.5,0.0,2025-10-04 17:49:00
389,265,796000.0,disbursed,923360.0,0.0,2026-03-18 14:55:00
390,266,396200.0,active,342430.0,136972.0,2025-06-01 15:59:00
391,266,81800.0,cleared,0.0,85890.0,2025-07-12 09:36:00
392,266,433200.0,disbursed,441864.0,0.0,2025-08-06 10:33:00
393,267,1879500.0,active,1296855.0,864570.0,2025-07-25 08:15:00
394,267,1456500.0,active,786510.0,786510.0,2025-07-04 15:58:00
395,268,213800.0,screening,265112.0,0.0,2025-07-21 10:06:00
396,268,54900.0,pending,63135.0,0.0,2025-12-26 09:07:00
397,268,273000.0,pending,371280.0,0.0,2025-10-27 17:18:00
398,269,12100.0,active,6655.0,6655.0,2025-08-08 11:00:00
399,270,1869200.0,cleared,0.0,2429960.0,2026-04-29 11:20:00
400,270,488500.0,disbursed,512925.0,0.0,2025-05-17 15:10:00
401,271,576200.0,cleared,0.0,714488.0,2025-10-14 14:58:00
402,272,420200.0,disbursed,445412.0,0.0,2025-12-29 08:43:00
403,272,1729900.0,active,0.0,1790446.5,2025-09-15 15:00:00
404,273,473200.0,written_off,169563.34,339126.66,2026-02-07 17:35:00
405,273,66100.0,active,36355.0,36355.0,2025-05-09 12:24:00
406,274,96000.0,defaulted,52800.0,52800.0,2025-11-20 08:06:00
407,274,1461000.0,active,401775.0,1205325.0,2026-01-28 17:51:00
408,275,751900.0,active,0.0,781976.0,2025-07-13 09:44:00
409,276,252300.0,active,85782.0,257346.0,2025-08-18 15:04:00
410,277,815000.0,approved,961700.0,0.0,2025-10-20 12:40:00
411,277,621800.0,rejected,696416.0,0.0,2026-01-09 08:39:00
412,278,1622100.0,pending,2400708.0,0.0,2025-07-07 10:56:00
413,278,1079500.0,active,1263015.0,140335.0,2026-03-19 13:11:00
414,279,69800.0,approved,80270.0,0.0,2026-02-09 13:46:00
415,280,1275300.0,defaulted,1466595.0,0.0,2026-02-16 09:40:00
416,280,1128100.0,active,360992.0,1082976.0,2025-10-19 14:17:00
417,281,78000.0,reviewing,81900.0,0.0,2026-04-11 16:30:00
418,282,892300.0,active,838762.0,209690.5,2025-09-22 15:34:00
419,282,1328000.0,active,0.0,1381120.0,2026-04-15 09:34:00
420,283,1131000.0,pending,1328925.0,0.0,2026-04-01 17:30:00
421,284,1772500.0,disbursed,2410600.0,0.0,2025-07-20 11:49:00
422,284,308800.0,active,57642.65,288213.35,2025-06-05 12:37:00
423,285,103800.0,active,73352.0,36676.0,2026-03-21 08:44:00
424,286,1284400.0,approved,1438528.0,0.0,2025-08-22 14:32:00
425,287,1985800.0,disbursed,2780120.0,0.0,2026-03-26 17:50:00
426,287,142000.0,written_off,146260.0,0.0,2025-07-16 16:05:00
427,288,1130500.0,active,0.0,1170067.5,2025-11-06 14:57:00
428,289,769100.0,active,692190.0,173047.5,2025-08-01 17:19:00
429,290,277600.0,approved,344224.0,0.0,2025-05-23 11:15:00
430,291,999700.0,approved,1149655.0,0.0,2026-03-10 09:34:00
431,291,61500.0,defaulted,47150.0,23575.0,2025-08-23 08:37:00
432,291,10700.0,active,5885.0,5885.0,2026-01-07 10:50:00
433,292,30900.0,active,0.0,32445.0,2026-02-11 14:26:00
434,293,498400.0,rejected,508368.0,0.0,2026-03-30 10:59:00
435,294,25800.0,approved,28380.0,0.0,2025-05-09 08:35:00
436,295,505300.0,approved,646784.0,0.0,2025-05-14 17:37:00
437,296,1344700.0,active,1056200.75,880167.25,2025-10-15 15:56:00
438,296,1422100.0,reviewing,1806067.0,0.0,2025-11-11 17:16:00
439,297,1440600.0,rejected,1728720.0,0.0,2026-03-22 17:12:00
440,298,58100.0,disbursed,70882.0,0.0,2025-07-18 12:37:00
441,299,72300.0,active,39042.0,39042.0,2025-12-25 14:01:00
442,299,693700.0,approved,721448.0,0.0,2025-09-28 17:16:00
443,300,181000.0,disbursed,225345.0,0.0,2025-05-17 10:33:00
444,301,1051500.0,disbursed,1088302.5,0.0,2025-08-29 09:05:00
445,301,420700.0,defaulted,328146.0,218764.0,2025-11-07 12:16:00
446,302,72400.0,screening,79640.0,0.0,2025-08-12 08:17:00
447,303,845600.0,defaulted,879424.0,219856.0,2025-08-16 11:38:00
448,303,377300.0,pending,384846.0,0.0,2025-08-31 12:32:00
449,304,133200.0,defaulted,112776.0,56388.0,2025-09-09 15:36:00
450,305,906000.0,defaulted,1022773.33,127846.67,2025-06-21 14:47:00
451,305,1679200.0,pending,2082208.0,0.0,2026-02-21 12:33:00
452,306,1662200.0,cleared,0.0,1961396.0,2025-09-06 16:21:00
453,307,315200.0,pending,354600.0,0.0,2026-04-26 10:45:00
454,308,412400.0,active,0.0,422710.0,2025-07-21 17:48:00
455,308,1120300.0,approved,1523608.0,0.0,2025-06-01 13:44:00
456,309,158600.0,active,84058.0,84058.0,2026-02-01 15:04:00
457,310,1029800.0,disbursed,1400528.0,0.0,2025-11-19 16:15:00
458,311,1812400.0,active,0.0,1875834.0,2025-10-02 11:54:00
459,311,1259800.0,cleared,0.0,1291295.0,2025-12-18 09:56:00
460,311,406400.0,rejected,479552.0,0.0,2025-10-31 08:35:00
461,312,1436500.0,disbursed,1781260.0,0.0,2025-11-23 17:41:00
462,313,430000.0,screening,533200.0,0.0,2025-08-14 12:48:00
463,314,1007400.0,approved,1410360.0,0.0,2025-07-08 10:33:00
464,314,1527000.0,disbursed,2008005.0,0.0,2025-10-22 15:38:00
465,315,197000.0,screening,226550.0,0.0,2025-05-16 09:01:00
466,316,272000.0,rejected,369920.0,0.0,2025-07-25 11:50:00
467,317,76900.0,reviewing,82667.5,0.0,2025-07-05 13:57:00
468,318,374800.0,active,341068.0,146172.0,2025-09-29 09:21:00
469,319,729400.0,cleared,0.0,838810.0,2025-07-09 08:03:00
470,320,524200.0,written_off,528568.33,105713.67,2026-01-24 13:39:00
471,320,182600.0,pending,208164.0,0.0,2025-07-30 17:54:00
472,321,747100.0,active,0.0,765777.5,2025-05-18 11:25:00
473,322,1318000.0,cleared,0.0,1792480.0,2026-02-08 10:18:00
474,322,127700.0,disbursed,163456.0,0.0,2025-10-28 13:44:00
475,323,1525600.0,pending,2135840.0,0.0,2026-03-14 08:27:00
476,323,29400.0,defaulted,33810.0,0.0,2025-07-10 10:41:00
477,324,977700.0,disbursed,1099912.5,0.0,2025-10-31 10:07:00
478,325,470400.0,defaulted,489216.0,0.0,2025-09-18 09:43:00
479,325,96700.0,active,0.0,98634.0,2025-11-06 10:53:00
480,325,1089700.0,rejected,1449301.0,0.0,2025-05-08 08:06:00
481,326,1201700.0,pending,1538176.0,0.0,2026-04-29 16:11:00
482,326,417500.0,rejected,475950.0,0.0,2026-03-16 17:34:00
483,327,303100.0,reviewing,369782.0,0.0,2025-10-25 15:41:00
484,328,447800.0,disbursed,604530.0,0.0,2026-02-16 08:53:00
485,328,66500.0,disbursed,79800.0,0.0,2025-09-11 16:12:00
486,328,985500.0,defaulted,1015065.0,0.0,2025-10-17 13:54:00
487,329,400100.0,defaulted,248062.01,248061.99,2025-12-31 10:07:00
488,329,262900.0,active,98149.34,196298.66,2025-09-15 13:42:00
489,330,1923600.0,pending,2462208.0,0.0,2025-08-25 09:36:00
490,330,451600.0,active,501276.01,167091.99,2025-08-22 08:19:00
491,331,40700.0,active,0.0,41514.0,2026-04-17 10:25:00
492,332,38200.0,screening,40110.0,0.0,2026-03-09 08:04:00
493,333,474800.0,disbursed,484296.0,0.0,2025-05-14 12:57:00
494,334,1091100.0,defaulted,981990.0,245497.5,2026-03-13 11:01:00
495,334,1825500.0,screening,1953285.0,0.0,2026-03-16 16:13:00
496,335,1573400.0,disbursed,1699272.0,0.0,2026-01-13 12:17:00
497,336,1919700.0,active,921456.0,1382184.0,2026-02-20 14:11:00
498,336,642500.0,pending,738875.0,0.0,2025-12-01 14:44:00
499,337,23300.0,defaulted,24465.0,0.0,2026-03-23 11:25:00
500,337,91200.0,disbursed,93024.0,0.0,2026-04-27 16:01:00
501,338,224700.0,disbursed,235935.0,0.0,2026-02-25 08:41:00
502,339,111900.0,active,81178.35,67648.65,2026-03-04 16:16:00
503,340,64700.0,disbursed,85404.0,0.0,2025-10-12 12:40:00
504,340,47400.0,disbursed,52140.0,0.0,2025-09-13 17:02:00
505,340,218900.0,active,31740.5,222183.5,2025-12-14 12:03:00
506,341,21000.0,active,0.0,22050.0,2026-04-27 12:17:00
507,342,210400.0,active,109408.0,109408.0,2026-05-05 10:08:00
508,343,144800.0,cleared,0.0,165072.0,2025-12-14 08:25:00
509,344,1350800.0,pending,1870858.0,0.0,2026-01-28 10:11:00
510,344,339000.0,pending,420360.0,0.0,2026-03-21 17:35:00
511,344,255100.0,screening,270406.0,0.0,2025-06-20 12:22:00
512,345,488300.0,written_off,446445.72,178578.28,2026-02-06 11:49:00
513,346,225500.0,approved,288640.0,0.0,2026-01-09 10:36:00
514,346,351500.0,pending,388407.5,0.0,2026-01-10 10:41:00
515,346,91200.0,screening,95760.0,0.0,2025-05-14 17:33:00
516,347,1053500.0,active,795871.35,663226.15,2025-08-24 13:30:00
517,347,33200.0,screening,38180.0,0.0,2025-07-24 17:55:00
518,347,308700.0,active,160524.0,160524.0,2025-10-13 13:41:00
519,348,1210900.0,disbursed,1241172.5,0.0,2025-06-16 09:27:00
520,348,392200.0,approved,439264.0,0.0,2025-06-06 14:59:00
521,349,45000.0,disbursed,57150.0,0.0,2025-08-03 11:14:00
522,349,1375200.0,active,1558351.64,346300.36,2025-11-09 09:49:00
523,350,1496500.0,active,603588.32,1207176.68,2026-02-01 08:09:00
524,351,880900.0,pending,1189215.0,0.0,2025-12-02 16:03:00
525,351,620200.0,defaulted,328706.0,328706.0,2025-06-27 17:03:00
526,351,969100.0,disbursed,1240448.0,0.0,2026-01-14 17:23:00
527,352,1888800.0,pending,2228784.0,0.0,2026-04-24 14:00:00
528,353,1714500.0,disbursed,2331720.0,0.0,2026-04-22 16:36:00
529,354,1391800.0,disbursed,1586652.0,0.0,2025-05-25 13:01:00
530,354,1103200.0,disbursed,1301776.0,0.0,2025-08-11 16:28:00
531,355,489600.0,disbursed,509184.0,0.0,2025-08-11 08:10:00
532,355,552300.0,disbursed,684852.0,0.0,2026-02-28 14:09:00
533,355,1937000.0,active,2282138.18,507141.82,2026-01-19 13:31:00
534,356,66500.0,active,36575.0,36575.0,2026-03-27 09:52:00
535,356,20700.0,disbursed,22770.0,0.0,2026-03-29 13:39:00
536,357,441900.0,defaulted,318168.0,212112.0,2025-05-17 12:55:00
537,358,54500.0,screening,62675.0,0.0,2025-09-25 11:36:00
538,359,45200.0,disbursed,47460.0,0.0,2025-05-15 10:54:00
539,360,203800.0,disbursed,240484.0,0.0,2025-12-03 15:00:00
540,360,1536600.0,pending,1690260.0,0.0,2026-02-08 14:53:00
541,361,91600.0,pending,96180.0,0.0,2025-05-07 14:12:00
542,362,1627300.0,active,1155383.02,1155382.98,2026-01-29 13:13:00
543,363,75900.0,cleared,0.0,83490.0,2025-07-21 10:03:00
544,364,135100.0,disbursed,137802.0,0.0,2026-03-11 12:56:00
545,365,82300.0,reviewing,102463.5,0.0,2025-08-16 17:06:00
546,366,51900.0,cleared,0.0,59685.0,2025-07-13 12:07:00
547,367,428200.0,defaulted,453892.0,0.0,2025-11-05 09:42:00
548,367,1491400.0,active,1859278.67,169025.33,2025-09-29 13:04:00
549,367,79500.0,rejected,83475.0,0.0,2025-08-10 15:43:00
550,368,68300.0,approved,75130.0,0.0,2026-01-31 13:53:00
551,369,301300.0,pending,343482.0,0.0,2025-10-31 10:55:00
552,369,461800.0,rejected,531070.0,0.0,2025-06-17 11:56:00
553,370,924800.0,active,490144.0,490144.0,2025-07-14 11:56:00
554,371,826000.0,defaulted,644280.0,429520.0,2026-02-04 12:18:00
555,372,5600.0,pending,5880.0,0.0,2025-07-14 12:21:00
556,373,1375000.0,defaulted,1320000.0,330000.0,2025-12-11 15:06:00
557,374,1477400.0,disbursed,1964942.0,0.0,2025-05-31 11:13:00
558,375,1384500.0,active,858390.0,858390.0,2026-04-07 12:29:00
559,375,194800.0,cleared,0.0,259084.0,2025-05-15 13:14:00
560,376,37900.0,active,0.0,39795.0,2025-08-31 11:24:00
561,376,439400.0,pending,597584.0,0.0,2026-01-24 15:42:00
562,377,340300.0,active,91881.0,275643.0,2026-03-02 08:04:00
563,378,140300.0,active,78568.01,78567.99,2025-09-15 15:27:00
564,379,83300.0,approved,88298.0,0.0,2026-02-20 15:14:00
565,380,722300.0,active,101924.52,815396.48,2026-02-06 17:48:00
566,381,1168400.0,cleared,0.0,1291082.0,2025-06-12 14:40:00
567,381,663100.0,active,182352.5,547057.5,2025-09-09 15:24:00
568,382,766800.0,pending,920160.0,0.0,2026-02-04 17:50:00
569,383,70300.0,disbursed,77330.0,0.0,2025-07-22 14:02:00
570,384,541800.0,active,151704.0,455112.0,2025-07-21 08:40:00
571,385,1326100.0,rejected,1723930.0,0.0,2025-05-13 17:22:00
572,385,353000.0,active,155320.0,232980.0,2025-07-28 17:14:00
573,385,694900.0,active,0.0,715747.0,2026-02-25 14:10:00
574,386,215500.0,active,149002.87,111752.13,2025-12-20 13:13:00
575,387,1311200.0,pending,1507880.0,0.0,2025-11-25 16:10:00
576,388,1085800.0,disbursed,1221525.0,0.0,2026-04-27 11:19:00
577,388,87900.0,screening,107238.0,0.0,2025-12-06 14:08:00
578,389,161200.0,cleared,0.0,211978.0,2025-12-04 10:03:00
579,390,1921900.0,disbursed,2306280.0,0.0,2026-02-20 14:05:00
580,390,1148700.0,disbursed,1608180.0,0.0,2025-08-22 13:02:00
581,391,137900.0,pending,170996.0,0.0,2025-12-26 08:26:00
582,391,223500.0,pending,263730.0,0.0,2025-08-20 09:03:00
583,392,468000.0,defaulted,248040.0,248040.0,2025-08-11 10:00:00
584,392,1864200.0,cleared,0.0,2097225.0,2025-06-30 11:22:00
585,393,24100.0,active,17994.66,8997.34,2025-12-25 10:52:00
586,393,1322600.0,defaulted,1349051.99,449684.01,2026-01-17 09:26:00
587,394,135500.0,pending,147695.0,0.0,2026-03-26 11:31:00
588,395,783900.0,active,221234.0,774319.0,2025-09-05 11:12:00
589,395,990100.0,screening,1316833.0,0.0,2025-10-09 10:47:00
590,395,95400.0,approved,100170.0,0.0,2026-02-28 11:05:00
591,396,1062700.0,disbursed,1349629.0,0.0,2025-09-20 17:05:00
592,397,1220700.0,active,1033526.01,516762.99,2025-09-17 13:47:00
593,398,332900.0,active,327351.67,65470.33,2025-07-14 10:57:00
594,399,728000.0,rejected,1008280.0,0.0,2025-12-10 14:42:00
595,399,93700.0,active,71836.67,35918.33,2025-11-03 10:02:00
596,399,1828900.0,disbursed,2276980.5,0.0,2026-04-20 09:02:00
597,400,1786700.0,cleared,0.0,2376311.0,2025-10-21 13:48:00
598,401,307400.0,disbursed,390398.0,0.0,2026-01-03 14:36:00
599,401,1021500.0,disbursed,1174725.0,0.0,2026-04-03 10:59:00
600,402,1116200.0,active,786921.0,524614.0,2026-02-27 13:20:00
601,403,1115000.0,screening,1226500.0,0.0,2025-11-24 11:35:00
602,403,85100.0,disbursed,89355.0,0.0,2026-02-19 12:23:00
603,403,682600.0,active,773509.9,171891.1,2026-03-09 10:43:00
604,404,590700.0,approved,803352.0,0.0,2026-01-17 11:22:00
605,405,427000.0,active,347700.0,139080.0,2026-02-28 08:21:00
606,406,80900.0,active,60405.33,30202.67,2025-05-04 17:46:00
607,407,1869200.0,screening,2429960.0,0.0,2025-06-16 16:30:00
608,408,727200.0,approved,945360.0,0.0,2025-09-30 14:05:00
609,409,1805700.0,disbursed,2455752.0,0.0,2025-07-05 10:49:00
610,409,1111400.0,active,0.0,1144742.0,2025-08-22 12:20:00
611,410,626200.0,active,480086.66,240043.34,2026-02-12 14:08:00
612,411,1968700.0,approved,2382127.0,0.0,2025-11-26 08:38:00
613,411,117300.0,disbursed,129030.0,0.0,2025-08-16 13:32:00
614,412,10400.0,pending,10920.0,0.0,2025-12-05 12:47:00
615,413,46200.0,approved,53130.0,0.0,2025-09-16 11:22:00
616,413,1088300.0,pending,1197130.0,0.0,2025-09-02 16:10:00
617,414,15500.0,reviewing,16275.0,0.0,2026-02-28 10:50:00
618,415,1986700.0,defaulted,2185370.0,0.0,2025-10-26 17:19:00
619,415,1455800.0,disbursed,1608659.0,0.0,2025-10-20 14:14:00
620,416,326600.0,disbursed,372324.0,0.0,2025-07-29 09:50:00
621,417,99700.0,approved,121634.0,0.0,2026-04-09 15:14:00
622,418,949500.0,active,783337.5,470002.5,2026-04-16 16:28:00
623,419,91500.0,active,66490.0,33245.0,2025-07-11 14:59:00
624,420,834900.0,active,299172.5,598345.0,2026-03-15 12:05:00
625,420,35000.0,active,26833.33,13416.67,2026-05-04 15:32:00
626,421,256000.0,active,95573.34,191146.66,2025-10-01 12:06:00
627,422,845100.0,disbursed,908482.5,0.0,2025-10-22 12:49:00
628,423,237400.0,active,110391.0,183985.0,2025-09-03 13:41:00
629,424,268000.0,disbursed,294800.0,0.0,2025-07-21 08:57:00
630,425,235400.0,active,47472.35,237361.65,2026-03-27 16:55:00
631,425,1359000.0,active,191770.0,1534160.0,2026-03-07 12:42:00
632,426,1594100.0,approved,2024507.0,0.0,2026-02-02 09:57:00
633,426,1631500.0,written_off,1770177.5,252882.5,2025-06-05 11:33:00
634,427,231700.0,disbursed,301210.0,0.0,2025-08-04 14:32:00
635,428,36000.0,disbursed,37800.0,0.0,2025-09-12 16:01:00
636,429,41500.0,rejected,45650.0,0.0,2025-08-10 16:15:00
637,429,83100.0,screening,91410.0,0.0,2026-04-07 09:46:00
638,429,379000.0,pending,416900.0,0.0,2025-05-16 16:20:00
639,430,91000.0,screening,95550.0,0.0,2025-07-26 15:45:00
640,431,888300.0,pending,1101492.0,0.0,2026-02-20 17:58:00
641,431,4700.0,approved,4935.0,0.0,2025-05-30 11:34:00
642,432,16400.0,active,6286.66,12573.34,2026-02-24 14:01:00
643,432,1726900.0,disbursed,2089549.0,0.0,2025-06-12 14:52:00
644,433,1337000.0,active,0.0,1383795.0,2026-05-06 09:46:00
645,433,1055600.0,pending,1403948.0,0.0,2026-04-07 15:29:00
646,434,998300.0,pending,1048215.0,0.0,2026-02-01 16:53:00
647,435,38200.0,cleared,0.0,42020.0,2025-11-07 08:36:00
648,435,461000.0,disbursed,470220.0,0.0,2025-09-17 14:19:00
649,436,88100.0,cleared,0.0,96910.0,2025-08-14 12:44:00
650,437,82300.0,active,13403.16,80418.84,2025-08-09 08:16:00
651,438,1030400.0,rejected,1483776.0,0.0,2026-03-16 10:24:00
652,438,1247500.0,active,1066612.5,355537.5,2025-12-22 10:39:00
653,439,117300.0,pending,138414.0,0.0,2026-03-24 16:41:00
654,439,219700.0,active,155254.67,77627.33,2025-12-29 12:16:00
655,440,41700.0,disbursed,45870.0,0.0,2026-01-23 09:48:00
656,441,481300.0,cleared,0.0,529430.0,2025-11-17 16:50:00
657,441,1828500.0,cleared,0.0,1874212.5,2026-03-25 13:42:00
658,442,21100.0,rejected,24476.0,0.0,2026-03-06 15:03:00
659,442,1838200.0,disbursed,2389660.0,0.0,2026-04-21 16:55:00
660,443,1851100.0,pending,2175042.5,0.0,2025-11-20 15:14:00
661,443,568100.0,defaulted,391989.0,261326.0,2026-01-30 15:34:00
662,443,1647000.0,disbursed,2190510.0,0.0,2025-10-22 13:18:00
663,444,851400.0,reviewing,957825.0,0.0,2025-12-01 15:02:00
664,444,582000.0,cleared,0.0,669300.0,2026-03-02 17:03:00
665,445,56500.0,active,30510.0,30510.0,2026-03-19 08:41:00
666,446,1007400.0,active,0.0,1032585.0,2025-09-01 13:12:00
667,446,682800.0,active,368712.0,368712.0,2026-03-10 15:00:00
668,447,383000.0,pending,405980.0,0.0,2025-11-05 15:11:00
669,448,819900.0,disbursed,992079.0,0.0,2025-10-23 09:01:00
670,449,831300.0,disbursed,935212.5,0.0,2026-05-03 14:25:00
671,450,550200.0,approved,569457.0,0.0,2026-03-21 12:35:00
672,451,727400.0,active,264288.66,528577.34,2025-06-03 14:24:00
673,451,410300.0,cleared,0.0,545699.0,2025-09-22 16:28:00
674,451,529700.0,active,119182.5,476730.0,2025-06-29 12:59:00
675,452,327400.0,screening,366688.0,0.0,2025-05-06 08:50:00
676,453,1515900.0,cleared,0.0,1925193.0,2026-05-03 15:20:00
677,453,697000.0,screening,801550.0,0.0,2025-08-07 17:25:00
678,454,203900.0,active,97872.0,163120.0,2025-08-08 10:06:00
679,454,712100.0,active,655132.0,163783.0,2025-12-16 10:21:00
680,455,25700.0,defaulted,19703.33,9851.67,2025-06-08 10:59:00
681,455,45900.0,disbursed,50490.0,0.0,2026-03-09 14:58:00
682,456,1567300.0,cleared,0.0,1943452.0,2025-11-07 10:53:00
683,456,85500.0,active,85344.54,18965.46,2025-06-09 16:35:00
684,457,1314400.0,pending,1511560.0,0.0,2026-03-30 08:00:00
685,457,30500.0,disbursed,35075.0,0.0,2025-08-30 11:56:00
686,458,150500.0,reviewing,183610.0,0.0,2025-11-19 17:45:00
687,458,736800.0,approved,957840.0,0.0,2025-07-14 15:01:00
688,458,1049400.0,disbursed,1101870.0,0.0,2025-06-21 11:49:00
689,459,985300.0,active,558336.69,781671.31,2025-08-14 09:57:00
690,459,306500.0,pending,344812.5,0.0,2025-05-13 10:46:00
691,460,114800.0,active,82273.33,41136.67,2026-04-14 08:44:00
692,460,93200.0,pending,111840.0,0.0,2025-05-20 12:04:00
693,461,738900.0,active,391617.0,391617.0,2025-09-25 17:45:00
694,462,5400.0,pending,6156.0,0.0,2026-02-23 09:26:00
695,462,345200.0,disbursed,428048.0,0.0,2025-07-03 16:13:00
696,463,24200.0,cleared,0.0,27830.0,2026-04-22 11:06:00
697,464,441200.0,pending,496350.0,0.0,2025-10-10 13:15:00
698,465,1377600.0,reviewing,1907976.0,0.0,2025-08-08 11:56:00
699,466,939100.0,pending,967273.0,0.0,2025-06-14 16:25:00
700,467,639800.0,disbursed,831740.0,0.0,2026-05-01 17:52:00
701,467,76900.0,active,42295.0,42295.0,2025-12-09 08:27:00
702,468,585200.0,defaulted,456456.0,304304.0,2025-09-22 15:46:00
703,469,331400.0,screening,357912.0,0.0,2025-05-22 12:50:00
704,470,483400.0,pending,512404.0,0.0,2025-12-16 13:48:00
705,470,729200.0,active,885978.0,98442.0,2025-06-08 14:02:00
706,471,711900.0,screening,765292.5,0.0,2025-09-08 14:44:00
707,471,1872500.0,disbursed,2378075.0,0.0,2026-03-06 08:20:00
708,472,1893100.0,approved,2517823.0,0.0,2025-06-05 15:51:00
709,472,480100.0,pending,552115.0,0.0,2025-08-04 12:22:00
710,473,958100.0,approved,1073072.0,0.0,2026-01-31 13:56:00
711,474,1789300.0,active,1013936.69,1419511.31,2025-08-05 12:48:00
712,474,390500.0,approved,437360.0,0.0,2025-06-25 14:13:00
713,475,1885300.0,cleared,0.0,2168095.0,2026-02-24 13:37:00
714,476,22100.0,disbursed,24310.0,0.0,2025-10-10 09:19:00
715,477,64800.0,active,49680.0,24840.0,2026-04-29 11:51:00
716,478,240700.0,reviewing,276805.0,0.0,2025-11-13 14:49:00
717,479,1455300.0,reviewing,1804572.0,0.0,2025-12-05 12:45:00
718,479,335500.0,pending,355630.0,0.0,2026-04-20 17:44:00
719,480,880100.0,active,818493.0,272831.0,2026-03-29 11:31:00
720,481,547000.0,cleared,0.0,645460.0,2026-03-26 11:23:00
721,481,798600.0,rejected,1086096.0,0.0,2025-08-07 15:07:00
722,482,162100.0,pending,196141.0,0.0,2025-06-19 14:27:00
723,483,864400.0,approved,1037280.0,0.0,2025-12-21 13:28:00
724,484,53900.0,disbursed,66836.0,0.0,2025-08-13 14:16:00
725,484,554700.0,active,499230.0,124807.5,2025-12-31 15:02:00
726,485,19000.0,pending,21850.0,0.0,2025-11-08 15:47:00
727,485,152300.0,cleared,0.0,202559.0,2025-05-25 08:58:00
728,486,793200.0,approved,1173936.0,0.0,2025-08-09 15:48:00
729,487,110200.0,approved,125628.0,0.0,2025-07-07 08:53:00
730,488,184000.0,cleared,0.0,222640.0,2026-04-16 12:20:00
731,489,206500.0,disbursed,247800.0,0.0,2026-04-28 11:11:00
732,489,119400.0,pending,126564.0,0.0,2026-03-08 09:15:00
733,490,1869500.0,reviewing,2542520.0,0.0,2026-04-28 15:03:00
734,491,1875900.0,active,1297050.87,972788.13,2026-03-20 14:04:00
735,491,1783900.0,disbursed,2051485.0,0.0,2025-07-31 08:51:00
736,492,377400.0,pending,479298.0,0.0,2025-09-07 16:52:00
737,492,550800.0,pending,567324.0,0.0,2025-08-24 09:22:00
738,492,1344400.0,defaulted,1015768.88,812615.12,2025-12-26 14:04:00
739,493,496200.0,active,374906.68,299925.32,2026-04-15 16:27:00
740,494,1888300.0,disbursed,2228194.0,0.0,2026-01-07 17:45:00
741,495,281600.0,rejected,321024.0,0.0,2025-08-31 12:11:00
742,496,75300.0,pending,99396.0,0.0,2025-10-17 08:35:00
743,497,266400.0,defaulted,276294.86,46049.14,2025-07-08 09:04:00
744,497,1187000.0,active,957513.34,478756.66,2025-05-22 11:32:00
745,498,1329600.0,defaulted,1054816.0,753440.0,2026-02-09 09:38:00
746,498,339700.0,disbursed,394052.0,0.0,2025-10-31 14:18:00
747,498,948700.0,disbursed,1290232.0,0.0,2026-02-17 09:27:00
748,499,84000.0,active,60900.0,36540.0,2026-01-23 10:56:00
749,499,481100.0,cleared,0.0,639863.0,2026-01-12 15:26:00
750,499,1427900.0,active,1618286.66,323657.34,2025-10-10 16:18:00
751,500,303600.0,pending,367356.0,0.0,2026-02-14 17:48:00
752,500,84000.0,cleared,0.0,88200.0,2025-09-20 08:35:00
753,501,492000.0,pending,610080.0,0.0,2025-10-24 12:32:00
754,502,1956500.0,rejected,2152150.0,0.0,2025-06-22 14:04:00
755,502,1390600.0,active,333744.0,1334976.0,2025-11-13 12:37:00
756,503,1487200.0,approved,2022592.0,0.0,2025-05-20 10:02:00
757,503,590400.0,active,183024.0,549072.0,2026-04-20 16:18:00
758,504,886200.0,disbursed,1152060.0,0.0,2026-03-01 13:28:00
759,505,1582100.0,defaulted,1367386.42,546954.58,2026-01-04 11:20:00
760,506,1411100.0,cleared,0.0,1495766.0,2025-08-15 14:29:00
761,507,1810200.0,disbursed,2136036.0,0.0,2025-05-04 09:58:00
762,508,1793500.0,pending,1936980.0,0.0,2026-03-03 16:13:00
763,509,1276600.0,active,682981.0,682981.0,2025-11-25 08:23:00
764,509,1339800.0,cleared,0.0,1507275.0,2025-12-29 17:46:00
765,510,945600.0,active,1178848.0,107168.0,2025-11-08 12:58:00
766,511,1961300.0,disbursed,2432012.0,0.0,2025-11-23 12:35:00
767,512,1669400.0,written_off,1711135.0,0.0,2025-11-05 13:53:00
768,513,31800.0,pending,34980.0,0.0,2026-01-07 10:46:00
769,514,87500.0,reviewing,100625.0,0.0,2025-05-30 08:53:00
770,515,1203100.0,screening,1491844.0,0.0,2025-11-29 11:14:00
771,516,378700.0,defaulted,348404.0,87101.0,2026-03-01 17:19:00
772,517,6400.0,disbursed,7040.0,0.0,2025-07-18 11:54:00
773,518,45800.0,pending,50380.0,0.0,2025-06-22 10:49:00
774,519,1558200.0,pending,1620528.0,0.0,2025-10-11 16:51:00
775,520,31300.0,active,17215.0,17215.0,2025-09-15 13:02:00
776,520,8500.0,active,6516.67,3258.33,2025-08-15 14:57:00
777,521,1272600.0,screening,1616202.0,0.0,2025-06-09 15:32:00
778,522,1929700.0,disbursed,2566501.0,0.0,2025-09-06 15:03:00
779,523,364000.0,active,334880.0,83720.0,2025-12-01 17:03:00
780,523,157300.0,disbursed,179322.0,0.0,2026-04-23 15:11:00
781,524,13700.0,approved,15070.0,0.0,2025-09-13 17:43:00
782,525,1910000.0,defaulted,1442918.2,1202431.8,2026-02-04 16:53:00
783,526,729600.0,pending,784320.0,0.0,2025-06-24 11:32:00
784,527,635600.0,disbursed,864416.0,0.0,2026-03-25 13:27:00
785,527,364000.0,rejected,418600.0,0.0,2025-09-20 15:37:00
786,527,774200.0,pending,867104.0,0.0,2025-10-28 08:27:00
787,528,19000.0,active,14566.67,7283.33,2026-03-07 12:13:00
788,528,325300.0,pending,335059.0,0.0,2025-05-23 10:01:00
789,529,1055500.0,cleared,0.0,1081887.5,2025-05-07 09:51:00
790,529,18100.0,reviewing,20272.0,0.0,2025-09-01 12:38:00
791,530,270900.0,screening,319662.0,0.0,2025-07-25 14:16:00
792,531,1513400.0,active,1563846.67,312769.33,2025-12-27 13:06:00
793,532,312500.0,defaulted,335937.5,0.0,2025-10-16 16:09:00
794,532,1987800.0,active,1808898.0,775242.0,2025-10-31 08:55:00
795,533,1768000.0,cleared,0.0,2545920.0,2025-06-25 12:20:00
796,533,381200.0,disbursed,487936.0,0.0,2025-07-01 14:12:00
797,534,53700.0,approved,64440.0,0.0,2026-01-30 15:21:00
798,535,194900.0,pending,247523.0,0.0,2025-05-19 10:21:00
799,535,91900.0,pending,130498.0,0.0,2025-08-25 16:28:00
800,536,1226500.0,cleared,0.0,1594450.0,2025-08-15 10:12:00
801,537,531500.0,cleared,0.0,595280.0,2025-05-10 13:18:00
802,538,1123500.0,disbursed,1151587.5,0.0,2025-11-16 10:54:00
803,539,1378800.0,defaulted,1551150.0,0.0,2025-10-03 09:31:00
804,540,391200.0,reviewing,400980.0,0.0,2025-07-29 15:54:00
805,541,275200.0,pending,313728.0,0.0,2025-08-17 11:40:00
806,542,913800.0,rejected,1315872.0,0.0,2025-06-27 10:23:00
807,542,49800.0,screening,57270.0,0.0,2025-06-08 13:04:00
808,543,21000.0,active,8050.0,16100.0,2025-08-11 13:28:00
809,544,481400.0,active,340189.33,170094.67,2025-11-11 09:27:00
810,545,880600.0,disbursed,924630.0,0.0,2025-05-04 09:19:00
811,546,1328000.0,screening,1381120.0,0.0,2025-06-14 17:49:00
812,547,90000.0,pending,99000.0,0.0,2025-11-06 12:12:00
813,548,2000.0,pending,2200.0,0.0,2025-12-19 08:24:00
814,549,389500.0,pending,471295.0,0.0,2025-10-10 08:26:00
815,549,1866500.0,approved,2127810.0,0.0,2025-08-02 16:53:00
816,550,153200.0,active,0.0,159328.0,2025-10-21 12:36:00
817,551,1030000.0,disbursed,1060900.0,0.0,2026-02-28 14:29:00
818,552,626800.0,active,325936.0,488904.0,2025-12-20 11:52:00
819,552,146000.0,disbursed,181040.0,0.0,2025-12-08 10:56:00
820,553,909000.0,disbursed,1099890.0,0.0,2025-08-29 10:26:00
821,554,868300.0,active,490107.1,612633.9,2025-12-19 16:35:00
822,554,393600.0,disbursed,417216.0,0.0,2025-05-06 09:26:00
823,555,924100.0,active,0.0,947202.5,2025-08-13 10:21:00
824,556,1778000.0,defaulted,1706880.0,426720.0,2025-06-05 11:25:00
825,557,140100.0,cleared,0.0,143602.5,2025-10-24 09:03:00
826,557,160700.0,disbursed,168735.0,0.0,2025-11-22 08:46:00
827,558,730900.0,disbursed,774754.0,0.0,2025-10-14 16:24:00
828,559,1532700.0,cleared,0.0,1808586.0,2025-06-30 16:57:00
829,560,884200.0,active,387574.36,775148.64,2025-08-21 11:57:00
830,560,429600.0,active,419780.57,69963.43,2026-01-13 17:31:00
831,561,1774000.0,disbursed,2270720.0,0.0,2026-01-03 15:11:00
832,562,335900.0,pending,362772.0,0.0,2026-03-29 12:02:00
833,563,93700.0,reviewing,107755.0,0.0,2025-12-19 15:42:00
834,564,1993100.0,pending,2830202.0,0.0,2025-09-16 08:15:00
835,564,15700.0,active,13816.0,3454.0,2026-02-08 17:22:00
836,564,1721700.0,screening,2203776.0,0.0,2025-06-12 17:54:00
837,565,1173700.0,approved,1625574.5,0.0,2026-05-06 10:44:00
838,566,621600.0,reviewing,845376.0,0.0,2025-08-28 08:23:00
839,567,535700.0,rejected,567842.0,0.0,2025-10-02 10:03:00
840,568,883600.0,cleared,0.0,1069156.0,2025-10-17 13:45:00
841,568,35700.0,active,0.0,37485.0,2025-08-10 08:48:00
842,569,780200.0,cleared,0.0,873824.0,2025-12-03 09:22:00
843,569,1013700.0,cleared,0.0,1216440.0,2025-12-07 11:48:00
844,569,92600.0,rejected,97230.0,0.0,2025-11-30 14:52:00
845,570,1062500.0,active,488750.0,733125.0,2025-09-04 16:36:00
846,570,802500.0,defaulted,621937.5,373162.5,2026-03-05 11:32:00
847,571,425000.0,disbursed,501500.0,0.0,2025-05-04 14:51:00
848,571,288800.0,active,204085.33,102042.67,2025-07-04 11:33:00
849,571,39000.0,approved,43680.0,0.0,2025-11-06 11:55:00
850,572,889300.0,cleared,0.0,1022695.0,2026-01-16 08:58:00
851,572,1286300.0,disbursed,1414930.0,0.0,2025-05-07 11:27:00
852,573,324500.0,screening,412115.0,0.0,2025-10-12 09:32:00
853,574,179900.0,screening,244664.0,0.0,2025-08-27 16:08:00
854,574,1896800.0,defaulted,1963188.0,0.0,2025-08-01 17:37:00
855,575,743700.0,written_off,773448.0,193362.0,2025-05-23 10:05:00
856,576,491400.0,disbursed,520884.0,0.0,2025-07-22 15:51:00
857,577,412900.0,active,113547.5,340642.5,2026-04-22 11:16:00
858,577,459300.0,active,110232.0,440928.0,2025-10-09 15:04:00
859,578,819700.0,active,628436.66,314218.34,2025-11-04 17:30:00
860,579,1788500.0,disbursed,2217740.0,0.0,2025-07-09 11:12:00
861,580,248800.0,screening,293584.0,0.0,2025-12-17 12:40:00
862,580,1323200.0,pending,1561376.0,0.0,2025-08-16 17:13:00
863,580,1826100.0,approved,2373930.0,0.0,2025-09-16 16:13:00
864,581,341100.0,cleared,0.0,433197.0,2025-09-11 15:54:00
865,581,178200.0,cleared,0.0,183546.0,2025-11-24 09:43:00
866,582,1136600.0,cleared,0.0,1193430.0,2026-03-26 17:26:00
867,582,1449000.0,pending,1927170.0,0.0,2025-12-16 16:00:00
868,583,360800.0,active,297660.0,99220.0,2025-05-31 12:55:00
869,583,693500.0,defaulted,742045.0,0.0,2025-10-08 11:46:00
870,583,233400.0,active,183608.0,91804.0,2026-04-24 09:29:00
871,584,659400.0,rejected,718746.0,0.0,2026-05-03 17:27:00
872,585,66300.0,approved,72930.0,0.0,2025-09-16 14:47:00
873,585,1518400.0,defaulted,1556360.0,0.0,2026-01-06 12:47:00
874,586,255000.0,disbursed,280500.0,0.0,2026-01-11 10:39:00
875,587,1835300.0,disbursed,1908712.0,0.0,2025-09-01 16:34:00
876,587,1337100.0,active,829002.0,829002.0,2026-03-29 08:06:00
877,588,485400.0,disbursed,558210.0,0.0,2025-11-06 09:08:00
878,589,44100.0,approved,50715.0,0.0,2025-08-29 10:41:00
879,590,1028600.0,active,809165.34,404582.66,2025-10-04 09:20:00
880,591,1463300.0,pending,1946189.0,0.0,2025-05-24 15:48:00
881,591,85100.0,cleared,0.0,89355.0,2026-01-04 16:34:00
882,592,1699300.0,disbursed,1767272.0,0.0,2025-12-01 12:16:00
883,593,1037800.0,disbursed,1292061.0,0.0,2026-02-15 11:41:00
884,594,489000.0,disbursed,665040.0,0.0,2025-09-29 12:27:00
885,594,215300.0,active,78225.66,156451.34,2026-04-25 12:48:00
886,595,1792200.0,approved,2329860.0,0.0,2026-03-06 08:30:00
887,596,1074500.0,disbursed,1106735.0,0.0,2025-08-19 15:55:00
888,596,1828300.0,disbursed,1874007.5,0.0,2025-05-23 14:31:00
889,597,245000.0,defaulted,343000.0,0.0,2025-08-12 08:20:00
890,597,802000.0,active,0.0,822050.0,2025-07-01 10:29:00
891,598,654300.0,active,307521.0,461281.5,2026-02-23 09:41:00
892,599,902500.0,approved,934087.5,0.0,2025-08-03 13:33:00
893,600,129300.0,defaulted,92665.0,46332.5,2025-11-10 13:47:00
894,601,1191600.0,active,1350480.0,270096.0,2026-01-27 10:31:00
895,602,169900.0,active,184341.5,26334.5,2025-08-28 13:05:00
896,603,376700.0,disbursed,384234.0,0.0,2026-04-24 16:19:00
897,604,353700.0,approved,374922.0,0.0,2025-12-30 15:37:00
898,605,1665600.0,active,1865472.0,466368.0,2026-01-02 09:11:00
899,605,270400.0,active,326883.56,40860.44,2025-06-23 15:26:00
900,605,750500.0,disbursed,975650.0,0.0,2025-05-19 15:42:00
901,606,4500.0,active,0.0,4725.0,2026-02-18 15:30:00
902,606,460200.0,disbursed,644280.0,0.0,2025-05-27 14:27:00
903,606,29100.0,pending,30555.0,0.0,2025-05-06 09:25:00
904,607,1645300.0,active,614245.34,1228490.66,2026-02-27 11:15:00
905,608,923400.0,active,544806.0,544806.0,2025-11-09 16:54:00
906,608,1570500.0,cleared,0.0,2041650.0,2026-01-01 08:45:00
907,609,89100.0,defaulted,102465.0,0.0,2025-10-31 14:07:00
908,610,101800.0,pending,122160.0,0.0,2025-06-05 10:24:00
909,610,67400.0,pending,74140.0,0.0,2025-12-31 08:50:00
910,611,290100.0,screening,348120.0,0.0,2025-12-31 15:55:00
911,612,526400.0,disbursed,542192.0,0.0,2025-11-28 17:00:00
912,613,775300.0,pending,1007890.0,0.0,2025-10-20 16:35:00
913,614,441700.0,cleared,0.0,503538.0,2025-07-01 09:03:00
914,615,609900.0,reviewing,664791.0,0.0,2025-11-23 13:50:00
915,615,8600.0,pending,10320.0,0.0,2025-08-16 12:30:00
916,616,1783700.0,active,1798564.17,359712.83,2025-06-14 16:49:00
917,617,1945900.0,written_off,2412916.0,0.0,2025-07-11 13:28:00
918,618,542300.0,written_off,498916.0,124729.0,2026-05-02 16:48:00
919,618,1897300.0,active,1290164.02,1290163.98,2026-01-01 11:57:00
920,619,131300.0,active,90597.0,60398.0,2025-05-13 11:49:00
921,620,1752400.0,pending,2278120.0,0.0,2025-11-25 10:15:00
922,621,121000.0,cleared,0.0,130075.0,2025-06-19 10:01:00
923,622,1690600.0,written_off,1994908.0,0.0,2025-08-04 17:25:00
924,622,132100.0,disbursed,151915.0,0.0,2025-07-20 17:52:00
925,623,40600.0,cleared,0.0,42630.0,2026-03-30 10:19:00
926,624,96000.0,active,52800.0,52800.0,2025-06-02 17:38:00
927,624,1649800.0,active,1138362.0,758908.0,2025-11-21 11:10:00
928,625,1167900.0,active,1214616.0,303654.0,2026-01-22 08:04:00
929,625,511800.0,pending,726756.0,0.0,2026-01-26 10:20:00
930,626,38000.0,active,29133.33,14566.67,2026-02-16 16:46:00
931,626,115900.0,defaulted,100833.0,33611.0,2026-03-17 13:30:00
932,626,146200.0,active,41667.0,125001.0,2026-04-19 14:12:00
933,627,1165200.0,active,1188504.0,396168.0,2025-12-02 12:35:00
934,628,1543400.0,pending,2099024.0,0.0,2025-06-12 16:10:00
935,629,591300.0,cleared,0.0,679995.0,2025-11-22 16:49:00
936,630,1212900.0,cleared,0.0,1503996.0,2026-04-26 17:49:00
937,630,556300.0,cleared,0.0,656434.0,2026-01-13 09:49:00
938,631,617500.0,disbursed,876850.0,0.0,2026-04-05 13:54:00
939,631,679200.0,active,156216.0,624864.0,2025-10-06 09:18:00
940,632,1594500.0,approved,2359860.0,0.0,2025-10-29 12:03:00
941,633,1922900.0,approved,2394010.5,0.0,2025-06-09 17:53:00
942,634,357300.0,active,263211.0,131605.5,2025-12-18 08:57:00
943,634,1092000.0,active,616373.35,770466.65,2025-09-18 10:18:00
944,635,124700.0,defaulted,123175.88,35193.12,2025-09-02 11:34:00
945,636,588600.0,disbursed,776952.0,0.0,2026-04-06 15:42:00
946,637,609800.0,cleared,0.0,670780.0,2025-11-18 11:50:00
947,637,1937500.0,cleared,0.0,2615625.0,2026-01-10 09:11:00
948,638,1888800.0,pending,2285448.0,0.0,2025-06-27 09:11:00
949,639,643400.0,screening,778514.0,0.0,2025-10-22 17:52:00
950,639,1790400.0,pending,2220096.0,0.0,2025-06-05 15:00:00
951,640,52600.0,active,28930.0,28930.0,2026-01-18 13:17:00
952,641,424600.0,active,240606.69,336849.31,2025-12-14 14:11:00
953,642,86500.0,disbursed,99475.0,0.0,2026-05-05 13:19:00
954,643,836900.0,reviewing,1062863.0,0.0,2026-03-15 13:15:00
955,643,954600.0,reviewing,983238.0,0.0,2026-01-28 11:51:00
956,643,1287800.0,active,206048.0,1442336.0,2025-05-23 08:03:00
957,644,981100.0,cleared,0.0,1334296.0,2025-10-09 11:32:00
958,644,329200.0,active,258970.66,129485.34,2025-05-06 15:16:00
959,645,525600.0,pending,651744.0,0.0,2025-05-27 08:42:00
960,645,277000.0,approved,282540.0,0.0,2025-11-20 08:38:00
961,646,1047100.0,disbursed,1235578.0,0.0,2026-05-02 12:16:00
962,647,832700.0,written_off,445494.5,445494.5,2025-11-13 17:13:00
963,648,1018200.0,active,687285.0,687285.0,2026-01-01 13:23:00
964,648,919100.0,disbursed,1001819.0,0.0,2025-05-08 15:48:00
965,649,514100.0,active,507816.56,145090.44,2025-06-25 10:16:00
966,650,1427600.0,active,770904.0,770904.0,2026-04-29 11:09:00
967,650,1145000.0,disbursed,1454150.0,0.0,2026-03-06 14:41:00
968,651,349200.0,active,279360.0,167616.0,2026-02-23 13:52:00
969,651,973600.0,disbursed,1061224.0,0.0,2026-04-26 16:02:00
970,652,29400.0,disbursed,32340.0,0.0,2025-06-18 09:03:00
971,652,626100.0,disbursed,795147.0,0.0,2025-06-11 15:56:00
972,653,1195800.0,active,470348.0,940696.0,2025-12-22 08:23:00
973,654,23700.0,screening,31521.0,0.0,2025-06-08 10:05:00
974,655,1738300.0,approved,2085960.0,0.0,2025-05-29 11:43:00
975,656,1792400.0,disbursed,1971640.0,0.0,2025-08-12 08:02:00
976,657,1362300.0,screening,1791424.5,0.0,2025-12-17 13:13:00
977,657,237700.0,active,68933.0,206799.0,2026-02-17 16:20:00
978,657,417700.0,screening,534656.0,0.0,2026-04-04 14:42:00
979,658,750000.0,disbursed,997500.0,0.0,2026-02-13 13:16:00
980,658,1324000.0,disbursed,1721200.0,0.0,2025-09-16 10:29:00
981,659,1718100.0,disbursed,2027358.0,0.0,2026-03-20 11:56:00
982,660,401900.0,pending,450128.0,0.0,2025-05-15 15:15:00
983,661,699700.0,pending,930601.0,0.0,2025-11-23 17:06:00
984,661,1769600.0,rejected,2388960.0,0.0,2025-07-29 09:21:00
985,661,157000.0,disbursed,204100.0,0.0,2025-11-01 17:02:00
986,662,226400.0,approved,301112.0,0.0,2025-07-03 10:04:00
987,663,776200.0,active,367401.36,734802.64,2025-08-19 12:11:00
988,664,739900.0,disbursed,1006264.0,0.0,2025-10-09 15:20:00
989,664,683000.0,written_off,846920.0,0.0,2026-03-22 09:15:00
990,665,784900.0,defaulted,839843.0,0.0,2026-01-03 10:17:00
991,666,826300.0,pending,1057664.0,0.0,2025-12-23 13:23:00
992,667,445200.0,disbursed,516432.0,0.0,2026-03-04 12:25:00
993,668,802100.0,active,693243.58,277297.42,2025-07-28 08:39:00
994,668,474500.0,active,349548.33,174774.17,2025-11-10 08:54:00
995,669,273800.0,active,196223.33,98111.67,2025-09-17 17:03:00
996,669,1282900.0,disbursed,1552309.0,0.0,2026-03-31 14:33:00
997,670,26000.0,disbursed,27560.0,0.0,2026-01-26 16:01:00
998,671,702700.0,active,793270.22,99158.78,2026-04-12 09:57:00
999,671,303500.0,cleared,0.0,364200.0,2026-03-25 16:47:00
1000,672,1663000.0,cleared,0.0,1762780.0,2025-08-08 17:16:00
1001,673,674400.0,pending,724980.0,0.0,2025-06-25 08:34:00
1002,673,56400.0,active,31020.0,31020.0,2025-05-27 11:00:00
1003,674,108600.0,active,58644.0,58644.0,2025-12-14 08:10:00
1004,674,1339100.0,rejected,1781003.0,0.0,2025-09-03 08:26:00
1005,675,342100.0,approved,393415.0,0.0,2025-06-01 12:51:00
1006,675,50500.0,disbursed,72720.0,0.0,2026-03-28 10:41:00
1007,676,31600.0,pending,34760.0,0.0,2025-05-04 09:12:00
1008,676,1660700.0,active,1941173.78,242646.72,2025-10-03 17:12:00
1009,676,1026000.0,cleared,0.0,1303020.0,2026-02-24 15:43:00
1010,677,58800.0,active,32340.0,32340.0,2025-11-29 14:12:00
1011,678,162900.0,disbursed,166972.5,0.0,2026-02-01 15:57:00
1012,678,859800.0,defaulted,842604.0,361116.0,2025-12-15 10:39:00
1013,679,1929800.0,rejected,2508740.0,0.0,2026-03-23 10:19:00
1014,680,1058000.0,disbursed,1438880.0,0.0,2025-12-16 11:30:00
1015,681,687100.0,defaulted,377905.0,377905.0,2025-06-03 14:42:00
1016,682,791900.0,disbursed,981956.0,0.0,2025-11-19 09:19:00
1017,683,1927900.0,disbursed,2332759.0,0.0,2026-01-24 12:25:00
1018,683,71100.0,pending,74655.0,0.0,2025-07-12 11:01:00
1019,683,385800.0,reviewing,466818.0,0.0,2025-10-23 14:54:00
1020,684,1782700.0,cleared,0.0,2406645.0,2025-10-14 10:53:00
1021,685,754100.0,active,399673.0,399673.0,2025-12-09 12:53:00
1022,686,712900.0,screening,755674.0,0.0,2025-10-21 12:18:00
1023,687,28600.0,pending,37180.0,0.0,2025-09-22 14:28:00
1024,687,1448500.0,active,540773.34,1081546.66,2025-07-15 09:16:00
1025,688,1733700.0,pending,1993755.0,0.0,2025-10-27 15:15:00
1026,689,705900.0,written_off,903552.0,0.0,2025-09-12 13:04:00
1027,690,961500.0,active,0.0,985537.5,2025-05-16 09:33:00
1028,691,830400.0,disbursed,1004784.0,0.0,2025-09-21 08:01:00
1029,691,1118300.0,active,439864.68,879729.32,2025-08-29 08:47:00
1030,692,173000.0,approved,239605.0,0.0,2025-07-21 08:51:00
1031,693,523300.0,pending,562547.5,0.0,2025-12-23 11:28:00
1032,693,5000.0,screening,5500.0,0.0,2025-12-25 10:21:00
1033,694,31000.0,written_off,0.0,34100.0,2025-07-09 12:17:00
1034,694,483400.0,pending,531740.0,0.0,2026-03-14 09:19:00
1035,694,853200.0,pending,938520.0,0.0,2025-06-24 15:38:00
1036,695,1430100.0,disbursed,1644615.0,0.0,2026-03-12 10:09:00
1037,696,1997100.0,disbursed,2246737.5,0.0,2026-04-13 08:03:00
1038,697,349100.0,screening,370046.0,0.0,2025-05-15 14:51:00
1039,698,354100.0,pending,470953.0,0.0,2025-05-08 13:54:00
1040,698,154300.0,active,93265.8,116582.2,2025-10-01 17:50:00
1041,698,783700.0,pending,901255.0,0.0,2025-05-26 09:58:00
1042,699,1885000.0,disbursed,2676700.0,0.0,2025-09-15 12:56:00
1043,700,115300.0,active,81350.56,65080.44,2025-08-23 14:00:00
1044,700,1082600.0,disbursed,1472336.0,0.0,2025-09-08 15:52:00
1045,701,1911300.0,disbursed,2370012.0,0.0,2025-09-13 12:17:00
1046,701,855100.0,disbursed,1124456.5,0.0,2026-03-20 09:03:00
1047,702,587800.0,approved,693604.0,0.0,2025-08-13 17:47:00
1048,703,1643500.0,pending,2087245.0,0.0,2026-04-21 14:18:00
1049,704,689200.0,cleared,0.0,895960.0,2025-10-10 13:09:00
1050,705,805300.0,active,0.0,825432.5,2025-09-14 11:14:00
1051,705,1342800.0,active,392396.0,1373386.0,2025-08-21 09:16:00
1052,706,61800.0,disbursed,69216.0,0.0,2025-06-30 13:17:00
1053,706,64900.0,pending,75284.0,0.0,2026-04-14 12:28:00
1054,706,1229000.0,rejected,1321175.0,0.0,2026-03-04 15:02:00
1055,707,1763900.0,pending,2028485.0,0.0,2026-01-07 12:37:00
1056,707,43100.0,defaulted,22843.0,22843.0,2026-03-20 16:44:00
1057,708,98600.0,disbursed,103530.0,0.0,2025-06-01 14:46:00
1058,709,795900.0,pending,815797.5,0.0,2025-06-23 17:45:00
1059,710,51200.0,reviewing,56320.0,0.0,2025-10-28 09:50:00
1060,711,936900.0,written_off,1021221.0,0.0,2025-12-15 17:32:00
1061,712,1890000.0,disbursed,2400300.0,0.0,2025-12-05 09:45:00
1062,712,24400.0,disbursed,28060.0,0.0,2025-05-09 14:26:00
1063,713,1098700.0,defaulted,1131661.0,0.0,2025-05-20 13:28:00
1064,713,1506200.0,disbursed,1958060.0,0.0,2026-02-07 13:11:00
1065,713,153600.0,active,40277.31,140970.69,2025-05-13 10:59:00
1066,714,8500.0,approved,10030.0,0.0,2026-03-07 13:22:00
1067,715,1966900.0,disbursed,2615977.0,0.0,2026-03-16 10:29:00
1068,715,1028300.0,reviewing,1136271.5,0.0,2025-07-18 08:40:00
1069,716,779000.0,reviewing,856900.0,0.0,2025-06-01 08:31:00
1070,716,709700.0,disbursed,901319.0,0.0,2025-12-24 12:04:00
1071,717,1340300.0,approved,1474330.0,0.0,2025-08-16 12:31:00
1072,717,1082900.0,disbursed,1386112.0,0.0,2026-01-03 10:49:00
1073,717,1833300.0,defaulted,1943298.0,0.0,2025-11-16 14:24:00
1074,718,1097300.0,active,0.0,1124732.5,2025-12-05 09:05:00
1075,718,2500.0,cleared,0.0,2625.0,2025-06-17 12:44:00
1076,719,1224700.0,cleared,0.0,1371664.0,2025-10-07 17:21:00
1077,719,87500.0,disbursed,91875.0,0.0,2025-07-01 12:08:00
1078,719,254800.0,approved,261170.0,0.0,2026-04-28 12:26:00
1079,720,1858200.0,screening,2229840.0,0.0,2026-04-14 11:26:00
1080,721,67400.0,written_off,77510.0,0.0,2026-02-07 14:32:00
1081,722,592000.0,screening,698560.0,0.0,2025-07-07 15:36:00
1082,722,1602900.0,screening,2083770.0,0.0,2026-03-21 09:00:00
1083,723,1387200.0,disbursed,1969824.0,0.0,2026-04-02 09:58:00
1084,724,398500.0,cleared,0.0,430380.0,2026-05-01 14:55:00
1085,725,83800.0,active,0.0,87990.0,2025-08-21 17:21:00
1086,725,49900.0,disbursed,57385.0,0.0,2026-02-03 08:00:00
1087,726,708400.0,active,883138.67,80285.33,2025-06-06 17:31:00
1088,727,450800.0,disbursed,522928.0,0.0,2025-12-04 08:52:00
1089,728,1239900.0,reviewing,1611870.0,0.0,2025-05-03 09:29:00
1090,729,46200.0,defaulted,25410.0,25410.0,2025-08-25 08:04:00
1091,730,110000.0,written_off,107485.71,17914.29,2026-04-04 09:25:00
1092,730,79200.0,disbursed,98208.0,0.0,2026-01-14 09:34:00
1093,730,1177600.0,disbursed,1589760.0,0.0,2026-03-07 10:11:00
1094,731,1223100.0,defaulted,721629.0,721629.0,2025-07-28 15:33:00
1095,731,678900.0,pending,862203.0,0.0,2025-09-02 13:57:00
1096,732,1925100.0,active,1844887.5,368977.5,2025-05-21 10:23:00
1097,733,1213500.0,defaulted,1048810.72,419524.28,2025-10-14 09:37:00
1098,734,6800.0,defaulted,7820.0,0.0,2026-02-02 09:01:00
1099,735,1452400.0,cleared,0.0,1597640.0,2025-10-24 09:47:00
1100,736,341600.0,approved,392840.0,0.0,2025-06-21 16:38:00
1101,737,1861900.0,pending,2094637.5,0.0,2025-06-02 15:48:00
1102,737,52900.0,disbursed,60835.0,0.0,2026-03-09 08:28:00
1103,737,1262300.0,active,311367.3,1556836.7,2025-10-25 14:17:00
1104,738,1068400.0,reviewing,1442340.0,0.0,2026-03-09 08:15:00
1105,739,238200.0,defaulted,247728.0,0.0,2026-04-20 12:16:00
1106,739,154000.0,pending,186340.0,0.0,2025-07-08 16:02:00
1107,739,91700.0,disbursed,96285.0,0.0,2025-11-11 10:28:00
1108,740,1362000.0,cleared,0.0,1566300.0,2025-12-06 14:45:00
1109,741,1452900.0,disbursed,1714422.0,0.0,2026-02-04 11:48:00
1110,742,743500.0,active,646845.0,215615.0,2025-12-05 17:44:00
1111,743,52400.0,active,37728.0,25152.0,2025-05-03 08:15:00
1112,743,656100.0,active,354294.0,354294.0,2026-01-24 14:36:00
1113,744,48200.0,cleared,0.0,50610.0,2025-08-10 08:29:00
1114,745,299100.0,disbursed,329010.0,0.0,2025-10-07 16:29:00
1115,745,96100.0,defaulted,100905.0,0.0,2025-09-05 12:58:00
1116,746,1551100.0,disbursed,1923364.0,0.0,2025-09-17 14:25:00
1117,747,142900.0,disbursed,157190.0,0.0,2025-12-19 11:17:00
1118,748,1212400.0,active,1192193.33,238438.67,2025-08-04 15:36:00
1119,749,241200.0,pending,308736.0,0.0,2026-01-09 16:37:00
1120,750,1405600.0,disbursed,1440740.0,0.0,2026-05-02 14:05:00
1121,751,125500.0,reviewing,170680.0,0.0,2025-09-03 15:42:00
1122,752,1179000.0,disbursed,1509120.0,0.0,2025-11-23 08:13:00
1123,752,1182400.0,disbursed,1211960.0,0.0,2025-12-03 15:16:00
1124,753,1349400.0,pending,1727232.0,0.0,2025-10-28 10:53:00
1125,753,64600.0,pending,74290.0,0.0,2026-04-19 15:24:00
1126,754,760900.0,pending,806554.0,0.0,2026-03-15 17:19:00
1127,755,882700.0,rejected,1129856.0,0.0,2026-01-29 13:37:00
1128,756,429300.0,pending,437886.0,0.0,2025-10-01 08:53:00
1129,756,1729300.0,pending,2490192.0,0.0,2025-07-14 11:18:00
1130,757,1232600.0,active,908015.33,454007.67,2025-07-15 15:46:00
1131,757,281700.0,reviewing,374661.0,0.0,2026-03-15 08:35:00
1132,758,39800.0,pending,43780.0,0.0,2025-11-30 08:18:00
1133,759,195800.0,reviewing,242792.0,0.0,2025-12-18 10:11:00
1134,759,439500.0,active,386760.0,96690.0,2025-11-02 10:46:00
1135,760,964400.0,pending,1060840.0,0.0,2025-11-18 17:40:00
1136,761,1597200.0,active,1176604.0,588302.0,2025-07-06 11:31:00
1137,762,323400.0,approved,362208.0,0.0,2026-04-13 13:19:00
1138,763,409500.0,defaulted,450450.0,0.0,2026-02-11 11:05:00
1139,763,227800.0,screening,275638.0,0.0,2025-09-07 08:08:00
1140,764,788200.0,cleared,0.0,1024660.0,2025-11-23 16:05:00
1141,765,150900.0,cleared,0.0,165990.0,2025-09-01 15:54:00
1142,765,1110600.0,approved,1277190.0,0.0,2025-10-26 15:47:00
1143,765,82800.0,reviewing,91080.0,0.0,2026-02-05 09:41:00
1144,766,1268700.0,screening,1668340.5,0.0,2025-10-04 13:47:00
1145,767,601900.0,reviewing,800527.0,0.0,2025-11-06 12:25:00
1146,768,1409500.0,disbursed,1916920.0,0.0,2026-03-11 09:46:00
1147,769,909400.0,disbursed,1273160.0,0.0,2025-08-30 17:00:00
1148,769,102100.0,defaulted,87295.5,29098.5,2026-02-02 10:11:00
1149,770,1201900.0,active,1117767.0,372589.0,2025-10-23 13:42:00
1150,771,783700.0,disbursed,948277.0,0.0,2025-05-23 10:21:00
1151,772,454900.0,disbursed,466272.5,0.0,2025-05-30 15:44:00
1152,772,866200.0,screening,1199687.0,0.0,2025-11-23 11:39:00
1153,773,1872200.0,disbursed,1937727.0,0.0,2026-02-15 12:37:00
1154,774,1380500.0,active,724762.5,724762.5,2026-04-10 16:39:00
1155,775,44400.0,disbursed,48840.0,0.0,2025-11-12 13:47:00
1156,776,181300.0,cleared,0.0,219373.0,2025-06-24 13:45:00
1157,776,19000.0,cleared,0.0,20140.0,2025-11-11 08:15:00
1158,776,473900.0,defaulted,587636.0,0.0,2025-09-14 14:10:00
1159,777,1433100.0,cleared,0.0,1633734.0,2025-08-23 12:56:00
1160,778,173700.0,defaulted,95535.0,95535.0,2025-12-05 12:27:00
1161,778,426000.0,active,434520.0,144840.0,2026-03-01 09:47:00
1162,779,525200.0,cleared,0.0,619736.0,2025-09-20 15:53:00
1163,779,1256400.0,defaulted,1519101.82,151910.18,2025-09-02 10:33:00
1164,780,201900.0,cleared,0.0,234204.0,2025-06-30 12:11:00
1165,780,457700.0,disbursed,581279.0,0.0,2025-10-06 12:56:00
1166,781,1253600.0,disbursed,1347620.0,0.0,2025-08-06 08:52:00
1167,782,1859600.0,pending,2361692.0,0.0,2026-03-28 08:23:00
1168,783,109200.0,approved,124488.0,0.0,2025-07-09 14:41:00
1169,784,1066900.0,defaulted,780361.13,585270.87,2025-08-17 15:03:00
1170,785,1744000.0,defaulted,1826443.65,684916.35,2025-12-19 11:08:00
1171,785,1700700.0,disbursed,2006826.0,0.0,2026-03-01 15:46:00
1172,785,666000.0,defaulted,685980.0,0.0,2026-02-12 13:38:00
1173,786,799500.0,approved,895440.0,0.0,2026-03-17 12:15:00
1174,787,393000.0,active,0.0,400860.0,2026-03-09 14:40:00
1175,787,1553900.0,disbursed,1786985.0,0.0,2025-10-29 14:55:00
1176,788,1663500.0,screening,2328900.0,0.0,2025-12-26 14:58:00
1177,789,816400.0,pending,963352.0,0.0,2025-07-04 10:47:00
1178,789,95000.0,screening,104500.0,0.0,2025-12-16 13:10:00
1179,790,211900.0,pending,238387.5,0.0,2025-11-05 16:55:00
1180,791,1926700.0,defaulted,1252355.0,1252355.0,2026-04-16 10:50:00
1181,791,1758800.0,disbursed,2391968.0,0.0,2025-08-14 15:40:00
1182,792,104300.0,approved,129332.0,0.0,2025-12-10 12:14:00
1183,793,46000.0,defaulted,25300.0,25300.0,2025-10-27 16:28:00
1184,794,128200.0,disbursed,135892.0,0.0,2025-09-15 15:34:00
1185,795,78200.0,approved,82110.0,0.0,2026-01-14 08:50:00
1186,795,1637300.0,reviewing,2161236.0,0.0,2025-09-28 16:53:00
1187,795,66200.0,defaulted,69510.0,0.0,2025-07-01 17:54:00
1188,796,562100.0,active,480595.5,160198.5,2025-06-03 09:03:00
1189,797,1459400.0,disbursed,1722092.0,0.0,2025-09-15 13:48:00
1190,798,596000.0,approved,739040.0,0.0,2025-07-19 17:44:00
1191,798,1718000.0,rejected,1855440.0,0.0,2025-07-05 13:54:00
1192,799,748400.0,pending,804530.0,0.0,2025-07-10 12:56:00
1193,800,472800.0,approved,576816.0,0.0,2026-02-24 12:33:00
1194,801,155500.0,active,120724.56,68985.44,2026-01-09 09:01:00
1195,802,698000.0,active,260586.66,521173.34,2025-05-20 09:00:00
1196,802,505500.0,written_off,387550.0,193775.0,2025-06-01 10:48:00
1197,803,701800.0,written_off,251478.34,502956.66,2026-02-11 09:27:00
1198,804,882100.0,screening,987952.0,0.0,2026-04-01 11:36:00
1199,804,19300.0,defaulted,21405.45,2140.55,2025-09-05 10:45:00
1200,805,525600.0,active,0.0,541368.0,2026-03-03 08:36:00
1201,806,972800.0,pending,1361920.0,0.0,2025-06-04 14:37:00
1202,807,1256400.0,active,900420.0,450210.0,2026-03-19 10:28:00
1203,807,1188500.0,active,455591.68,911183.32,2025-07-05 08:25:00
1204,808,689800.0,rejected,938128.0,0.0,2025-08-17 13:26:00
1205,809,71000.0,screening,81650.0,0.0,2026-03-10 11:57:00
1206,810,1671200.0,active,623914.66,1247829.34,2025-05-28 14:54:00
1207,811,1243600.0,pending,1280908.0,0.0,2025-07-12 10:13:00
1208,811,660200.0,defaulted,570601.42,228240.58,2025-10-13 09:14:00
1209,812,454100.0,pending,603953.0,0.0,2025-09-18 09:20:00
1210,813,1814700.0,disbursed,1905435.0,0.0,2026-04-11 14:20:00
1211,814,213500.0,defaulted,230580.0,25620.0,2025-10-02 09:47:00
1212,814,1219400.0,approved,1658384.0,0.0,2025-07-29 09:54:00
1213,815,553000.0,disbursed,652540.0,0.0,2025-12-26 10:36:00
1214,815,278700.0,active,146162.65,182703.35,2025-10-27 14:09:00
1215,816,36700.0,active,4404.0,39636.0,2025-11-27 17:50:00
1216,816,694600.0,active,157442.7,787213.3,2026-03-30 11:38:00
1217,817,1395500.0,active,878530.66,1054236.84,2025-11-07 09:36:00
1218,817,144800.0,approved,175208.0,0.0,2026-03-11 14:18:00
1219,818,848900.0,active,293476.85,733692.15,2025-06-26 12:31:00
1220,819,198900.0,approved,216801.0,0.0,2025-05-20 16:15:00
1221,819,829000.0,disbursed,1027960.0,0.0,2026-03-17 13:02:00
1222,820,191400.0,cleared,0.0,252648.0,2026-02-02 09:10:00
1223,821,1590200.0,defaulted,1876436.0,0.0,2025-06-29 10:09:00
1224,821,1882100.0,pending,1929152.5,0.0,2026-03-16 15:38:00
1225,822,51700.0,active,20938.5,48856.5,2026-04-13 10:11:00
1226,822,477200.0,active,248144.0,248144.0,2025-06-25 11:47:00
1227,823,328300.0,defaulted,327703.1,72822.9,2025-05-21 10:03:00
1228,823,62500.0,approved,68750.0,0.0,2025-06-21 12:16:00
1229,824,113300.0,active,44187.0,103103.0,2025-05-22 09:27:00
1230,824,38800.0,pending,45784.0,0.0,2025-11-29 15:33:00
1231,825,79800.0,screening,87780.0,0.0,2026-04-21 14:26:00
1232,825,1343700.0,active,349362.0,1397448.0,2025-10-28 08:51:00
1233,826,1009800.0,defaulted,834768.0,417384.0,2025-07-21 13:03:00
1234,826,71000.0,active,38340.0,38340.0,2025-05-09 11:19:00
1235,827,543300.0,defaulted,608496.0,0.0,2025-07-16 12:20:00
1236,828,183700.0,reviewing,200233.0,0.0,2025-12-20 12:09:00
1237,828,3900.0,written_off,2145.0,2145.0,2025-05-09 08:53:00
1238,829,462900.0,pending,532335.0,0.0,2025-09-11 08:56:00
1239,830,34500.0,pending,37605.0,0.0,2025-05-04 15:45:00
1240,831,269800.0,disbursed,350740.0,0.0,2025-10-11 16:36:00
1241,832,45200.0,active,24408.0,24408.0,2025-06-24 09:16:00
1242,833,650900.0,approved,689954.0,0.0,2025-10-30 13:51:00
1243,833,173100.0,defaulted,122131.68,97705.32,2025-11-28 14:56:00
1244,834,106700.0,approved,117370.0,0.0,2026-04-08 13:07:00
1245,835,1238700.0,cleared,0.0,1436892.0,2025-12-10 11:50:00
1246,836,1369600.0,reviewing,1657216.0,0.0,2025-05-07 10:10:00
1247,836,804100.0,cleared,0.0,1141822.0,2025-10-21 10:58:00
1248,837,115800.0,active,84007.65,70006.35,2025-07-30 09:53:00
1249,837,346700.0,approved,480179.5,0.0,2026-03-21 17:57:00
1250,838,63200.0,cleared,0.0,72680.0,2025-09-27 10:30:00
1251,839,687900.0,reviewing,791085.0,0.0,2025-09-02 16:55:00
1252,839,1981400.0,active,559195.08,1957182.92,2026-03-28 08:54:00
1253,840,395200.0,active,283226.67,141613.33,2026-04-21 15:21:00
1254,841,1412100.0,active,1109140.35,924283.65,2026-01-23 14:08:00
1255,841,74800.0,screening,82280.0,0.0,2025-12-07 15:44:00
1256,842,1014500.0,reviewing,1166675.0,0.0,2025-06-17 15:17:00
1257,842,1269600.0,disbursed,1472736.0,0.0,2026-04-28 13:47:00
1258,842,467100.0,pending,495126.0,0.0,2025-07-17 09:27:00
1259,843,1657400.0,active,400789.43,1803552.57,2026-01-08 12:14:00
1260,843,422100.0,pending,485415.0,0.0,2026-02-10 16:49:00
1261,844,645300.0,cleared,0.0,819531.0,2025-08-17 17:31:00
1262,845,79300.0,pending,83265.0,0.0,2025-07-18 12:40:00
1263,845,1473800.0,active,334061.3,1670306.7,2025-05-25 13:03:00
1264,846,583100.0,screening,641410.0,0.0,2026-04-04 09:01:00
1265,847,366100.0,active,207456.69,290439.31,2025-07-17 08:52:00
1266,847,771800.0,cleared,0.0,841262.0,2025-12-18 09:37:00
1267,847,1545900.0,cleared,0.0,1916916.0,2025-10-24 10:33:00
1268,848,15100.0,defaulted,8305.0,8305.0,2025-07-07 16:34:00
1269,849,937100.0,disbursed,1054237.5,0.0,2025-09-04 16:54:00
1270,849,194900.0,active,161117.34,80558.66,2026-01-15 12:06:00
1271,849,813600.0,rejected,1033272.0,0.0,2026-02-16 13:46:00
1272,850,1836600.0,disbursed,1900881.0,0.0,2026-01-05 13:35:00
1273,851,160000.0,defaulted,184000.0,0.0,2025-08-22 11:19:00
1274,852,1455000.0,pending,2015175.0,0.0,2025-10-28 12:12:00
1275,853,136000.0,pending,149600.0,0.0,2025-10-12 16:56:00
1276,854,1033200.0,approved,1115856.0,0.0,2025-08-10 11:53:00
1277,854,193000.0,active,233315.56,29164.44,2026-02-04 15:52:00
1278,855,582800.0,pending,722672.0,0.0,2025-09-09 11:44:00
1279,855,1684700.0,disbursed,2215380.5,0.0,2026-03-19 16:08:00
1280,856,54700.0,defaulted,57435.0,0.0,2025-12-11 16:40:00
1281,857,761900.0,approved,895232.5,0.0,2025-05-28 14:45:00
1282,857,77500.0,reviewing,96100.0,0.0,2025-06-15 11:11:00
1283,857,263900.0,active,158340.0,158340.0,2025-11-23 13:42:00
1284,858,1291900.0,disbursed,1640713.0,0.0,2025-09-14 11:31:00
1285,859,48000.0,disbursed,50400.0,0.0,2026-04-07 11:02:00
1286,860,253500.0,disbursed,291525.0,0.0,2026-03-07 17:25:00
1287,861,604700.0,active,146227.43,658023.57,2025-10-25 11:42:00
1288,861,431500.0,disbursed,453075.0,0.0,2025-07-08 15:59:00
1289,862,1245800.0,disbursed,1463815.0,0.0,2026-02-20 12:26:00
1290,863,817000.0,active,626366.66,313183.34,2025-10-13 08:01:00
1291,863,117600.0,active,46256.0,92512.0,2026-04-14 14:41:00
1292,864,964700.0,pending,1109405.0,0.0,2025-11-26 12:22:00
1293,865,40200.0,approved,53064.0,0.0,2026-04-28 12:10:00
1294,865,640100.0,active,507812.65,362723.35,2025-09-03 09:22:00
1295,866,58700.0,disbursed,67505.0,0.0,2025-09-23 10:11:00
1296,867,488400.0,cleared,0.0,537240.0,2025-10-13 09:55:00
1297,867,1674900.0,disbursed,2076876.0,0.0,2025-10-01 16:00:00
1298,868,427000.0,cleared,0.0,529480.0,2025-08-12 08:08:00
1299,869,72500.0,pending,76125.0,0.0,2026-04-02 10:13:00
1300,870,69200.0,active,53053.33,26526.67,2026-03-28 17:39:00
1301,871,1777400.0,active,734658.68,1469317.32,2025-09-05 13:08:00
1302,871,1070400.0,pending,1498560.0,0.0,2025-05-22 13:34:00
1303,871,1138300.0,pending,1183832.0,0.0,2025-12-14 09:08:00
1304,872,12900.0,defaulted,14448.0,0.0,2025-10-13 10:01:00
1305,873,331800.0,pending,464520.0,0.0,2025-05-23 15:04:00
1306,874,291000.0,cleared,0.0,382665.0,2025-10-29 13:20:00
1307,874,1548200.0,approved,2105552.0,0.0,2025-11-23 09:06:00
1308,875,67100.0,pending,77165.0,0.0,2026-01-27 10:08:00
1309,875,860500.0,approved,1041205.0,0.0,2025-12-11 09:53:00
1310,876,1981400.0,defaulted,1406793.98,1406794.02,2025-08-19 12:08:00
1311,877,64400.0,cleared,0.0,72450.0,2025-11-13 09:58:00
1312,877,883600.0,approved,910108.0,0.0,2025-09-12 11:04:00
1313,878,79000.0,pending,82950.0,0.0,2025-10-12 10:22:00
1314,879,930600.0,approved,1237698.0,0.0,2025-09-14 11:42:00
1315,879,55800.0,cleared,0.0,64170.0,2025-11-05 13:50:00
1316,880,1542700.0,disbursed,1704683.5,0.0,2025-10-29 10:54:00
1317,881,918500.0,active,486805.0,486805.0,2025-06-19 12:44:00
1318,882,1608000.0,active,1764205.71,294034.29,2026-04-08 12:21:00
1319,883,277600.0,active,120756.0,201260.0,2025-09-02 14:52:00
1320,884,930800.0,approved,1070420.0,0.0,2025-08-31 15:27:00
1321,885,1537100.0,active,1354744.06,774139.44,2025-06-15 16:52:00
1322,886,1820500.0,rejected,2048062.5,0.0,2025-08-31 12:21:00
1323,887,694000.0,active,582960.0,194320.0,2025-08-31 15:05:00
1324,888,1907500.0,reviewing,2002875.0,0.0,2025-07-05 11:57:00
1325,888,1758000.0,cleared,0.0,2461200.0,2025-09-08 08:31:00
1326,888,523700.0,disbursed,549885.0,0.0,2025-08-15 11:56:00
1327,889,479600.0,screening,496386.0,0.0,2026-03-14 16:43:00
1328,889,1493200.0,pending,1605190.0,0.0,2026-03-15 08:44:00
1329,889,678000.0,disbursed,779700.0,0.0,2025-05-16 09:17:00
1330,890,247900.0,pending,299959.0,0.0,2025-07-21 13:02:00
1331,891,870000.0,active,982133.33,122766.67,2025-06-26 13:21:00
1332,891,1923100.0,screening,2326951.0,0.0,2025-10-30 15:02:00
1333,892,888000.0,disbursed,994560.0,0.0,2025-08-16 12:02:00
1334,893,75100.0,disbursed,86365.0,0.0,2025-06-15 11:47:00
1335,893,1521300.0,disbursed,1886412.0,0.0,2025-07-04 16:01:00
1336,893,453900.0,rejected,521985.0,0.0,2026-03-30 14:42:00
1337,894,31400.0,active,17270.0,17270.0,2026-02-28 09:41:00
1338,895,239400.0,screening,269325.0,0.0,2025-08-11 17:41:00
1339,895,17700.0,approved,23541.0,0.0,2026-04-05 14:56:00
1340,896,1490600.0,pending,1527865.0,0.0,2025-07-31 12:29:00
1341,896,702800.0,cleared,0.0,892556.0,2025-12-29 15:08:00
1342,897,29300.0,disbursed,30765.0,0.0,2026-02-01 13:48:00
1343,898,193300.0,pending,247424.0,0.0,2025-09-14 16:30:00
1344,898,1378800.0,active,558414.0,1302966.0,2026-01-14 08:14:00
1345,899,381800.0,disbursed,473432.0,0.0,2025-09-08 09:07:00
1346,899,45500.0,rejected,47320.0,0.0,2025-12-02 11:11:00
1347,900,1491500.0,rejected,1677937.5,0.0,2026-02-15 17:16:00
1348,901,1375700.0,defaulted,1320672.0,330168.0,2025-05-15 13:36:00
1349,902,327600.0,rejected,406224.0,0.0,2025-11-24 10:59:00
1350,902,354600.0,written_off,308502.0,102834.0,2025-05-14 11:53:00
1351,902,53200.0,active,0.0,55860.0,2026-04-23 08:29:00
1352,903,461300.0,pending,498204.0,0.0,2025-10-29 16:07:00
1353,904,1205400.0,active,638862.0,638862.0,2025-07-20 16:26:00
1354,905,597200.0,active,445909.33,222954.67,2025-09-12 15:16:00
1355,906,615600.0,cleared,0.0,680238.0,2025-12-11 13:37:00
1356,907,896300.0,disbursed,1111412.0,0.0,2025-05-07 16:51:00
1357,907,60600.0,reviewing,66660.0,0.0,2025-08-15 10:32:00
1358,908,216900.0,disbursed,262449.0,0.0,2026-04-04 08:15:00
1359,908,1454000.0,pending,1919280.0,0.0,2026-03-22 09:49:00
1360,909,76400.0,pending,84040.0,0.0,2025-11-07 11:43:00
1361,909,932500.0,approved,1212250.0,0.0,2025-10-27 13:30:00
1362,910,949200.0,screening,1020390.0,0.0,2025-05-25 11:34:00
1363,911,1069300.0,disbursed,1293853.0,0.0,2025-09-29 11:35:00
1364,912,868800.0,disbursed,1233696.0,0.0,2026-02-24 08:26:00
1365,912,1379200.0,cleared,0.0,1489536.0,2025-09-20 12:45:00
1366,913,591100.0,defaulted,696423.28,154760.72,2026-01-27 16:52:00
1367,914,78000.0,active,27560.0,55120.0,2025-11-28 16:39:00
1368,914,1208700.0,pending,1462527.0,0.0,2026-03-31 10:49:00
1369,915,1704300.0,approved,2317848.0,0.0,2025-05-18 15:50:00
1370,916,304400.0,pending,347016.0,0.0,2025-06-07 16:43:00
1371,917,136100.0,cleared,0.0,138822.0,2026-01-09 17:48:00
1372,918,1975000.0,active,1114777.8,1393472.2,2025-12-11 08:03:00
1373,919,223300.0,cleared,0.0,303688.0,2025-05-27 16:58:00
1374,920,1152700.0,cleared,0.0,1239152.5,2025-07-28 14:23:00
1375,920,52700.0,pending,60605.0,0.0,2026-01-09 16:03:00
1376,921,1516700.0,pending,2062712.0,0.0,2025-05-11 12:57:00
1377,922,1522600.0,screening,1750990.0,0.0,2025-08-07 11:21:00
1378,922,1817400.0,defaulted,1980966.0,0.0,2025-05-31 17:36:00
1379,922,1844200.0,screening,2508112.0,0.0,2026-01-27 13:25:00
1380,923,79700.0,pending,86873.0,0.0,2026-03-11 11:18:00
1381,924,859000.0,cleared,0.0,987850.0,2025-09-19 08:47:00
1382,925,26200.0,active,0.0,27510.0,2026-03-05 14:23:00
1383,925,197400.0,pending,207270.0,0.0,2025-09-09 17:55:00
1384,925,323600.0,pending,346252.0,0.0,2026-01-03 13:36:00
1385,926,856800.0,disbursed,882504.0,0.0,2026-04-25 10:01:00
1386,927,240400.0,defaulted,166219.42,124664.58,2025-09-29 10:53:00
1387,927,987300.0,written_off,552888.0,552888.0,2025-06-24 16:06:00
1388,927,1149700.0,active,540359.0,810538.5,2025-12-18 16:17:00
1389,928,1343700.0,disbursed,1773684.0,0.0,2025-06-26 13:48:00
1390,929,232600.0,pending,309358.0,0.0,2025-10-11 12:53:00
1391,929,15200.0,active,5826.66,11653.34,2025-05-02 11:43:00
1392,930,1760400.0,active,422496.0,1689984.0,2025-09-20 14:28:00
1393,931,278100.0,pending,289224.0,0.0,2026-02-13 12:30:00
1394,931,89100.0,reviewing,102465.0,0.0,2025-11-10 15:46:00
1395,931,41900.0,disbursed,43995.0,0.0,2025-11-12 11:51:00
1396,932,158800.0,active,62461.36,124922.64,2026-03-05 17:58:00
1397,932,1814500.0,approved,1905225.0,0.0,2025-06-11 15:12:00
1398,933,816600.0,defaulted,685944.0,228648.0,2026-04-30 08:34:00
1399,934,403200.0,active,411264.0,137088.0,2026-04-15 14:00:00
1400,934,640200.0,active,232606.0,465212.0,2025-10-28 13:23:00
1401,934,910100.0,screening,1164928.0,0.0,2026-01-25 12:25:00
1402,935,1289900.0,rejected,1696218.5,0.0,2025-05-24 11:59:00
1403,936,404500.0,defaulted,358901.81,134588.19,2025-10-05 10:10:00
1404,937,178300.0,cleared,0.0,191672.5,2025-06-26 10:57:00
1405,937,1486400.0,defaulted,2021504.0,0.0,2026-03-27 08:55:00
1406,938,316300.0,pending,379560.0,0.0,2025-10-18 17:22:00
1407,938,66300.0,approved,69615.0,0.0,2025-08-19 14:28:00
1408,939,74800.0,defaulted,64577.35,46126.65,2025-07-05 08:47:00
1409,940,1525800.0,cleared,0.0,1586832.0,2025-07-09 13:05:00
1410,941,1472700.0,active,1700968.5,242995.5,2026-01-28 16:21:00
1411,942,1732500.0,active,2104987.5,233887.5,2025-06-12 11:20:00
1412,942,647800.0,reviewing,699624.0,0.0,2025-10-13 12:44:00
1413,943,316300.0,pending,382723.0,0.0,2025-10-11 16:57:00
1414,944,307500.0,active,113775.0,341325.0,2026-01-11 11:39:00
1415,944,297100.0,pending,314926.0,0.0,2025-05-02 17:10:00
1416,944,31900.0,defaulted,17545.0,17545.0,2025-11-09 08:56:00
1417,945,167300.0,disbursed,222509.0,0.0,2026-03-10 08:01:00
1418,946,1087000.0,disbursed,1391360.0,0.0,2026-04-12 10:06:00
1419,946,1160300.0,approved,1403963.0,0.0,2025-09-17 14:06:00
1420,947,1086800.0,pending,1152008.0,0.0,2026-01-17 08:13:00
1421,947,453800.0,active,503717.99,167906.01,2025-07-13 11:35:00
1422,948,1730000.0,disbursed,2422000.0,0.0,2026-04-28 14:14:00
1423,948,416300.0,rejected,466256.0,0.0,2025-11-28 12:53:00
1424,949,1869800.0,rejected,2430740.0,0.0,2025-12-05 09:56:00
1425,949,1835500.0,active,1514287.5,504762.5,2025-11-09 10:22:00
1426,950,268600.0,rejected,311576.0,0.0,2025-09-05 15:12:00
1427,951,1236600.0,disbursed,1267515.0,0.0,2025-10-01 09:54:00
1428,951,1764000.0,disbursed,2116800.0,0.0,2025-10-18 16:43:00
1429,952,857500.0,active,788900.0,197225.0,2025-07-25 12:15:00
1430,952,188900.0,active,141045.33,70522.67,2025-07-13 09:35:00
1431,952,400600.0,written_off,412618.0,0.0,2025-12-07 11:47:00
1432,953,177700.0,disbursed,199024.0,0.0,2025-06-04 12:36:00
1433,953,1855800.0,defaulted,1329990.0,664995.0,2025-11-29 09:01:00
1434,954,1060600.0,pending,1315144.0,0.0,2026-04-06 12:19:00
1435,955,374000.0,pending,441320.0,0.0,2025-08-04 11:57:00
1436,956,1303300.0,rejected,1342399.0,0.0,2026-02-11 09:17:00
1437,957,11700.0,disbursed,12870.0,0.0,2026-01-13 08:35:00
1438,957,464200.0,pending,487410.0,0.0,2025-06-01 14:34:00
1439,958,761800.0,screening,990340.0,0.0,2026-02-19 14:11:00
1440,959,1773700.0,disbursed,2412232.0,0.0,2025-11-30 09:03:00
1441,960,334200.0,rejected,404382.0,0.0,2025-12-31 10:14:00
1442,960,410600.0,reviewing,509144.0,0.0,2025-11-29 14:42:00
1443,960,1497700.0,pending,2074314.5,0.0,2025-11-14 11:24:00
1444,961,1700600.0,disbursed,1904672.0,0.0,2025-07-11 13:41:00
1445,961,23800.0,disbursed,32368.0,0.0,2026-04-05 17:13:00
1446,962,330000.0,defaulted,289299.99,144650.01,2025-10-12 09:45:00
1447,963,1953800.0,pending,2579016.0,0.0,2025-11-20 09:55:00
1448,963,837600.0,screening,1088880.0,0.0,2025-09-05 11:31:00
1449,963,511400.0,reviewing,690390.0,0.0,2025-12-31 11:21:00
1450,964,353700.0,reviewing,367848.0,0.0,2026-01-04 16:08:00
1451,965,95600.0,active,0.0,100380.0,2025-08-11 16:45:00
1452,966,5800.0,disbursed,6670.0,0.0,2026-05-07 10:40:00
1453,967,263500.0,approved,374170.0,0.0,2026-04-05 12:13:00
1454,967,1451200.0,pending,1552784.0,0.0,2025-06-23 08:36:00
1455,968,286200.0,written_off,148824.0,148824.0,2026-01-18 16:00:00
1456,969,832000.0,active,163626.65,818133.35,2025-06-26 09:01:00
1457,970,1976600.0,disbursed,2688176.0,0.0,2025-12-15 10:49:00
1458,971,914700.0,pending,946714.5,0.0,2025-12-27 13:32:00
1459,972,732400.0,defaulted,468736.0,468736.0,2025-12-08 15:02:00
1460,972,541000.0,screening,608625.0,0.0,2026-02-06 12:37:00
1461,972,601400.0,approved,721680.0,0.0,2026-02-15 15:22:00
1462,973,1646900.0,reviewing,1745714.0,0.0,2026-01-21 13:25:00
1463,974,336400.0,active,174928.0,174928.0,2025-12-19 11:58:00
1464,974,234000.0,approved,280800.0,0.0,2026-04-12 10:46:00
1465,975,238100.0,active,235189.88,67197.12,2025-06-11 08:27:00
1466,976,37100.0,disbursed,40810.0,0.0,2026-04-14 14:09:00
1467,976,1481800.0,active,179163.1,1791630.9,2025-09-17 08:09:00
1468,976,1457400.0,active,670404.0,1005606.0,2025-09-06 10:31:00
1469,977,548900.0,disbursed,565367.0,0.0,2025-09-26 11:25:00
1470,978,324900.0,disbursed,349267.5,0.0,2025-08-13 16:06:00
1471,979,752400.0,disbursed,932976.0,0.0,2025-07-03 11:37:00
1472,979,51300.0,disbursed,56430.0,0.0,2026-03-07 17:50:00
1473,979,43600.0,disbursed,47960.0,0.0,2026-03-26 09:59:00
1474,980,155200.0,disbursed,206416.0,0.0,2025-05-10 13:00:00
1475,980,56100.0,defaulted,61710.0,0.0,2026-02-27 11:42:00
1476,981,1491100.0,active,293249.65,1466248.35,2025-11-28 10:21:00
1477,982,276600.0,pending,376176.0,0.0,2025-07-20 11:41:00
1478,983,362200.0,active,52519.0,367633.0,2025-12-13 11:44:00
1479,983,82900.0,active,63556.67,31778.33,2025-06-07 13:31:00
1480,983,169100.0,approved,216448.0,0.0,2026-03-22 08:34:00
1481,984,1183600.0,disbursed,1361140.0,0.0,2025-06-11 16:29:00
1482,985,1588000.0,active,841640.0,841640.0,2025-12-04 17:08:00
1483,985,670800.0,screening,851916.0,0.0,2025-05-17 16:35:00
1484,986,1739100.0,disbursed,2043442.5,0.0,2025-12-17 13:47:00
1485,987,1582400.0,approved,1772288.0,0.0,2025-07-26 08:50:00
1486,987,45300.0,active,34730.0,17365.0,2026-05-04 11:36:00
1487,988,1513700.0,disbursed,1551542.5,0.0,2025-12-26 12:44:00
1488,988,696100.0,active,640412.0,160103.0,2025-06-03 11:15:00
1489,989,1349500.0,active,391355.0,1174065.0,2025-07-23 10:36:00
1490,990,203400.0,approved,219672.0,0.0,2026-01-31 09:26:00
1491,990,673000.0,defaulted,605700.0,151425.0,2025-10-27 16:58:00
1492,991,1637800.0,disbursed,1768824.0,0.0,2026-03-30 08:37:00
1493,992,375300.0,active,147618.0,295236.0,2025-06-20 14:17:00
1494,992,1156000.0,disbursed,1358300.0,0.0,2026-01-24 11:49:00
1495,993,1861000.0,approved,2419300.0,0.0,2025-11-21 08:23:00
1496,993,443700.0,disbursed,465885.0,0.0,2025-09-14 14:30:00
1497,994,477400.0,active,0.0,494109.0,2025-07-04 16:02:00
1498,995,107000.0,defaulted,98202.22,28057.78,2025-06-11 10:27:00
1499,996,384600.0,disbursed,399984.0,0.0,2026-01-08 09:36:00
1500,997,588800.0,cleared,0.0,871424.0,2025-10-28 13:44:00
1501,997,1287400.0,pending,1480510.0,0.0,2025-06-06 11:38:00
1502,998,1440800.0,approved,1793796.0,0.0,2025-07-24 14:27:00
1503,999,1612400.0,screening,1813950.0,0.0,2025-06-21 12:00:00
1504,1000,718700.0,reviewing,869627.0,0.0,2026-02-17 14:51:00
1505,1000,1471100.0,cleared,0.0,1735898.0,2025-08-01 08:40:00
1506,1,10000.0,disbursed,19000.0,0.0,2026-06-06 19:29:34
1507,1,10000.0,disbursed,19000.0,0.0,2026-06-06 19:30:12
1508,1,10000.0,approved,19000.0,0.0,2026-06-06 19:36:06
1509,59,10000.0,approved,19000.0,0.0,2026-06-11 16:27:59
